桶数量,阶数,窗口大小,偏置,错误匹配个数,小于阶数或窗口的数量,参与匹配的数量,匹配正确的数量,匹配正确/参与匹配,
10,1,1000,3000,0,323,1662,92,0.055354994,0.055354994
10,2,1000,3000,0,410,1575,301,0.191111111,0.191111111
10,3,1000,3000,9,505,1471,552,0.375254929,0.372972973
10,4,1000,3000,18,574,1393,780,0.55994257,0.552799433
10,5,1000,3000,37,661,1287,880,0.683760684,0.664652568
10,6,1000,3000,59,726,1200,898,0.748333333,0.713264496
10,7,1000,3000,80,778,1127,908,0.805678793,0.752278376
10,8,1000,3000,111,822,1052,910,0.865019011,0.782459157
10,9,1000,3000,138,871,976,879,0.900614754,0.789048474
10,10,1000,3000,162,913,910,835,0.917582418,0.77891791
20,1,1000,3000,0,323,1662,242,0.145607702,0.145607702
20,2,1000,3000,10,410,1565,566,0.361661342,0.359365079
20,3,1000,3000,40,505,1440,841,0.584027778,0.568243243
20,4,1000,3000,78,574,1333,951,0.713428357,0.673990078
20,5,1000,3000,136,661,1188,967,0.813973064,0.730362538
20,6,1000,3000,190,726,1069,931,0.87090739,0.739475774
20,7,1000,3000,230,778,977,886,0.906857728,0.734051367
20,8,1000,3000,256,822,907,847,0.93384785,0.728288908
20,9,1000,3000,274,871,840,801,0.953571429,0.719030521
20,10,1000,3000,289,913,783,754,0.962962963,0.703358209
30,1,1000,3000,0,323,1662,400,0.240673887,0.240673887
30,2,1000,3000,23,410,1552,760,0.489690722,0.482539683
30,3,1000,3000,69,505,1411,991,0.702338767,0.669594595
30,4,1000,3000,123,574,1288,1047,0.812888199,0.742026931
30,5,1000,3000,180,661,1144,1012,0.884615385,0.764350453
30,6,1000,3000,210,726,1049,953,0.908484271,0.75694996
30,7,1000,3000,236,778,971,909,0.936148301,0.753106877
30,8,1000,3000,271,822,892,865,0.969730942,0.743766122
30,9,1000,3000,289,871,825,811,0.983030303,0.728007181
30,10,1000,3000,297,913,775,769,0.992258065,0.717350746
40,1,1000,3000,2,323,1660,495,0.298192771,0.297833935
40,2,1000,3000,36,410,1539,849,0.55165692,0.539047619
40,3,1000,3000,86,505,1394,1003,0.719512195,0.677702703
40,4,1000,3000,155,574,1256,1041,0.828821656,0.737774628
40,5,1000,3000,200,661,1124,992,0.882562278,0.749244713
40,6,1000,3000,236,726,1023,938,0.916911046,0.745035743
40,7,1000,3000,265,778,942,895,0.950106157,0.741507871
40,8,1000,3000,290,822,873,850,0.973654066,0.730868444
40,9,1000,3000,307,871,807,795,0.985130112,0.713644524
40,10,1000,3000,312,913,760,752,0.989473684,0.701492537
50,1,1000,3000,3,323,1659,522,0.314647378,0.314079422
50,2,1000,3000,49,410,1526,877,0.574705111,0.556825397
50,3,1000,3000,111,505,1369,1016,0.742147553,0.686486486
50,4,1000,3000,166,574,1245,1048,0.841767068,0.742735648
50,5,1000,3000,214,661,1110,986,0.888288288,0.744712991
50,6,1000,3000,248,726,1011,932,0.921859545,0.740270056
50,7,1000,3000,276,778,931,889,0.954887218,0.736536868
50,8,1000,3000,308,822,855,831,0.971929825,0.714531384
50,9,1000,3000,328,871,786,774,0.984732824,0.694793537
50,10,1000,3000,327,913,745,738,0.990604027,0.688432836
60,1,1000,3000,3,323,1659,583,0.351416516,0.35078219
60,2,1000,3000,66,410,1509,922,0.611000663,0.585396825
60,3,1000,3000,121,505,1359,1038,0.763796909,0.701351351
60,4,1000,3000,174,574,1237,1049,0.848019402,0.743444366
60,5,1000,3000,215,661,1109,995,0.897204689,0.751510574
60,6,1000,3000,253,726,1006,923,0.91749503,0.733121525
60,7,1000,3000,276,778,931,883,0.948442535,0.731565866
60,8,1000,3000,307,822,856,832,0.971962617,0.71539123
60,9,1000,3000,325,871,789,776,0.983523447,0.696588869
60,10,1000,3000,324,913,748,741,0.990641711,0.691231343
70,1,1000,3000,6,323,1656,603,0.364130435,0.362815884
70,2,1000,3000,64,410,1511,938,0.62078094,0.595555556
70,3,1000,3000,134,505,1346,1039,0.77191679,0.702027027
70,4,1000,3000,190,574,1221,1043,0.854217854,0.739192062
70,5,1000,3000,230,661,1094,979,0.89488117,0.739425982
70,6,1000,3000,268,726,991,919,0.927346115,0.7299444
70,7,1000,3000,285,778,922,884,0.958785249,0.732394366
70,8,1000,3000,316,822,847,826,0.975206612,0.710232158
70,9,1000,3000,334,871,780,769,0.985897436,0.690305206
70,10,1000,3000,331,913,741,734,0.990553306,0.684701493
80,1,1000,3000,9,323,1653,619,0.374470659,0.37244284
80,2,1000,3000,71,410,1504,952,0.632978723,0.604444444
80,3,1000,3000,142,505,1338,1038,0.775784753,0.701351351
80,4,1000,3000,190,574,1221,1043,0.854217854,0.739192062
80,5,1000,3000,231,661,1093,983,0.899359561,0.74244713
80,6,1000,3000,272,726,987,918,0.930091185,0.729150119
80,7,1000,3000,290,778,917,880,0.959651036,0.729080365
80,8,1000,3000,321,822,842,824,0.978622328,0.708512468
80,9,1000,3000,343,871,771,761,0.987029831,0.683123878
80,10,1000,3000,343,913,729,724,0.993141289,0.675373134
90,1,1000,3000,11,323,1651,652,0.394912174,0.392298436
90,2,1000,3000,92,410,1483,973,0.656102495,0.617777778
90,3,1000,3000,142,505,1338,1067,0.797458894,0.720945946
90,4,1000,3000,183,574,1228,1057,0.860749186,0.749114103
90,5,1000,3000,223,661,1101,994,0.902815622,0.750755287
90,6,1000,3000,266,726,993,923,0.929506546,0.733121525
90,7,1000,3000,284,778,923,883,0.956663055,0.731565866
90,8,1000,3000,315,822,848,827,0.975235849,0.711092003
90,9,1000,3000,336,871,778,767,0.985861183,0.688509874
90,10,1000,3000,337,913,735,729,0.991836735,0.680037313
100,1,1000,3000,13,323,1649,656,0.397816859,0.394705174
100,2,1000,3000,94,410,1481,974,0.657663741,0.618412698
100,3,1000,3000,158,505,1322,1048,0.792738275,0.708108108
100,4,1000,3000,191,574,1220,1044,0.855737705,0.73990078
100,5,1000,3000,231,661,1093,984,0.900274474,0.743202417
100,6,1000,3000,275,726,984,918,0.932926829,0.729150119
100,7,1000,3000,295,778,912,877,0.961622807,0.726594863
100,8,1000,3000,324,822,839,818,0.974970203,0.703353396
100,9,1000,3000,348,871,766,753,0.983028721,0.675942549
100,10,1000,3000,349,913,723,716,0.990318119,0.667910448
110,1,1000,3000,12,323,1650,657,0.398181818,0.395306859
110,2,1000,3000,102,410,1473,990,0.67209776,0.628571429
110,3,1000,3000,157,505,1323,1051,0.794406652,0.710135135
110,4,1000,3000,197,574,1214,1051,0.865733114,0.7448618
110,5,1000,3000,240,661,1084,984,0.907749077,0.743202417
110,6,1000,3000,287,726,972,911,0.937242798,0.723590151
110,7,1000,3000,304,778,903,872,0.965669989,0.722452361
110,8,1000,3000,329,822,834,819,0.982014388,0.704213242
110,9,1000,3000,351,871,763,755,0.989515072,0.677737882
110,10,1000,3000,354,913,718,712,0.991643454,0.664179104
120,1,1000,3000,15,323,1647,695,0.421979356,0.418170878
120,2,1000,3000,108,410,1467,998,0.680299932,0.633650794
120,3,1000,3000,158,505,1322,1061,0.802571861,0.716891892
120,4,1000,3000,192,574,1219,1050,0.861361772,0.744153083
120,5,1000,3000,234,661,1090,985,0.903669725,0.743957704
120,6,1000,3000,277,726,982,916,0.932790224,0.727561557
120,7,1000,3000,296,778,911,871,0.956092206,0.721623861
120,8,1000,3000,324,822,839,818,0.974970203,0.703353396
120,9,1000,3000,347,871,767,754,0.983050847,0.676840215
120,10,1000,3000,345,913,727,721,0.991746905,0.672574627
130,1,1000,3000,13,323,1649,691,0.419041844,0.41576414
130,2,1000,3000,114,410,1461,989,0.676933607,0.627936508
130,3,1000,3000,155,505,1325,1052,0.793962264,0.710810811
130,4,1000,3000,191,574,1220,1051,0.86147541,0.7448618
130,5,1000,3000,235,661,1089,986,0.905417815,0.744712991
130,6,1000,3000,277,726,982,916,0.932790224,0.727561557
130,7,1000,3000,294,778,913,874,0.95728368,0.724109362
130,8,1000,3000,329,822,834,813,0.974820144,0.69905417
130,9,1000,3000,358,871,756,744,0.984126984,0.667863555
130,10,1000,3000,354,913,718,713,0.993036212,0.66511194
140,1,1000,3000,16,323,1646,716,0.434993925,0.430806258
140,2,1000,3000,119,410,1456,1013,0.695741758,0.643174603
140,3,1000,3000,158,505,1322,1067,0.807110439,0.720945946
140,4,1000,3000,194,574,1217,1051,0.863599014,0.7448618
140,5,1000,3000,233,661,1091,988,0.905591201,0.746223565
140,6,1000,3000,278,726,981,915,0.932721713,0.726767276
140,7,1000,3000,292,778,915,878,0.959562842,0.727423364
140,8,1000,3000,327,822,836,815,0.974880383,0.700773861
140,9,1000,3000,345,871,769,757,0.984395319,0.679533214
140,10,1000,3000,343,913,729,722,0.990397805,0.673507463
150,1,1000,3000,22,323,1640,723,0.440853659,0.435018051
150,2,1000,3000,126,410,1449,1012,0.698412698,0.642539683
150,3,1000,3000,161,505,1319,1065,0.807429871,0.719594595
150,4,1000,3000,197,574,1214,1044,0.859967051,0.73990078
150,5,1000,3000,236,661,1088,986,0.90625,0.744712991
150,6,1000,3000,281,726,978,916,0.936605317,0.727561557
150,7,1000,3000,295,778,912,876,0.960526316,0.725766363
150,8,1000,3000,327,822,836,815,0.974880383,0.700773861
150,9,1000,3000,348,871,766,752,0.981723238,0.675044883
150,10,1000,3000,349,913,723,717,0.991701245,0.668843284
160,1,1000,3000,24,323,1638,726,0.443223443,0.436823105
160,2,1000,3000,124,410,1451,1007,0.694004135,0.639365079
160,3,1000,3000,164,505,1316,1050,0.79787234,0.709459459
160,4,1000,3000,201,574,1210,1044,0.862809917,0.73990078
160,5,1000,3000,240,661,1084,985,0.908671587,0.743957704
160,6,1000,3000,283,726,976,916,0.93852459,0.727561557
160,7,1000,3000,298,778,909,874,0.96149615,0.724109362
160,8,1000,3000,335,822,828,808,0.975845411,0.694754944
160,9,1000,3000,353,871,761,750,0.985545335,0.673249551
160,10,1000,3000,354,913,718,713,0.993036212,0.66511194
170,1,1000,3000,28,323,1634,744,0.455324357,0.44765343
170,2,1000,3000,132,410,1443,1015,0.703395703,0.644444444
170,3,1000,3000,167,505,1313,1053,0.801980198,0.711486486
170,4,1000,3000,200,574,1211,1047,0.864574732,0.742026931
170,5,1000,3000,240,661,1084,982,0.905904059,0.741691843
170,6,1000,3000,285,726,974,912,0.936344969,0.724384432
170,7,1000,3000,300,778,907,872,0.961411246,0.722452361
170,8,1000,3000,333,822,830,809,0.974698795,0.695614789
170,9,1000,3000,353,871,761,748,0.982917214,0.671454219
170,10,1000,3000,351,913,721,714,0.990291262,0.666044776
180,1,1000,3000,25,323,1637,745,0.455100794,0.448255114
180,2,1000,3000,133,410,1442,1013,0.702496533,0.643174603
180,3,1000,3000,168,505,1312,1060,0.807926829,0.716216216
180,4,1000,3000,203,574,1208,1044,0.864238411,0.73990078
180,5,1000,3000,243,661,1081,981,0.907493062,0.740936556
180,6,1000,3000,283,726,976,914,0.93647541,0.725972994
180,7,1000,3000,302,778,905,869,0.960220994,0.71996686
180,8,1000,3000,334,822,829,810,0.97708082,0.696474635
180,9,1000,3000,355,871,759,748,0.985507246,0.671454219
180,10,1000,3000,352,913,720,715,0.993055556,0.666977612
190,1,1000,3000,27,323,1635,747,0.456880734,0.449458484
190,2,1000,3000,136,410,1439,1017,0.706740792,0.645714286
190,3,1000,3000,166,505,1314,1062,0.808219178,0.717567568
190,4,1000,3000,199,574,1212,1052,0.867986799,0.745570517
190,5,1000,3000,239,661,1085,987,0.909677419,0.745468278
190,6,1000,3000,281,726,978,916,0.936605317,0.727561557
190,7,1000,3000,302,778,905,872,0.963535912,0.722452361
190,8,1000,3000,336,822,827,808,0.977025393,0.694754944
190,9,1000,3000,359,871,755,745,0.986754967,0.668761221
190,10,1000,3000,355,913,717,711,0.991631799,0.663246269
200,1,1000,3000,29,323,1633,767,0.469687691,0.461492178
200,2,1000,3000,135,410,1440,1018,0.706944444,0.646349206
200,3,1000,3000,168,505,1312,1062,0.80945122,0.717567568
200,4,1000,3000,202,574,1209,1044,0.863523573,0.73990078
200,5,1000,3000,245,661,1079,980,0.908248378,0.740181269
200,6,1000,3000,290,726,969,909,0.938080495,0.722001589
200,7,1000,3000,303,778,904,869,0.961283186,0.71996686
200,8,1000,3000,333,822,830,809,0.974698795,0.695614789
200,9,1000,3000,355,871,759,746,0.9828722,0.669658887
200,10,1000,3000,354,913,718,711,0.990250696,0.663246269
210,1,1000,3000,29,323,1633,768,0.470300061,0.462093863
210,2,1000,3000,137,410,1438,1015,0.705841446,0.644444444
210,3,1000,3000,165,505,1315,1062,0.807604563,0.717567568
210,4,1000,3000,202,574,1209,1047,0.866004963,0.742026931
210,5,1000,3000,247,661,1077,981,0.91086351,0.740936556
210,6,1000,3000,287,726,972,914,0.940329218,0.725972994
210,7,1000,3000,302,778,905,871,0.962430939,0.721623861
210,8,1000,3000,339,822,824,804,0.975728155,0.691315563
210,9,1000,3000,359,871,755,744,0.985430464,0.667863555
210,10,1000,3000,358,913,714,709,0.992997199,0.661380597
220,1,1000,3000,32,323,1630,770,0.472392638,0.463297232
220,2,1000,3000,140,410,1435,1023,0.712891986,0.64952381
220,3,1000,3000,172,505,1308,1061,0.81116208,0.716891892
220,4,1000,3000,211,574,1200,1045,0.870833333,0.740609497
220,5,1000,3000,246,661,1078,989,0.917439703,0.746978852
220,6,1000,3000,293,726,966,910,0.942028986,0.72279587
220,7,1000,3000,311,778,896,867,0.967633929,0.718309859
220,8,1000,3000,341,822,822,806,0.98053528,0.693035254
220,9,1000,3000,366,871,748,740,0.989304813,0.66427289
220,10,1000,3000,367,913,705,699,0.991489362,0.652052239
230,1,1000,3000,35,323,1627,784,0.48186847,0.471720818
230,2,1000,3000,145,410,1430,1029,0.71958042,0.653333333
230,3,1000,3000,168,505,1312,1060,0.807926829,0.716216216
230,4,1000,3000,205,574,1206,1044,0.865671642,0.73990078
230,5,1000,3000,247,661,1077,982,0.911792015,0.741691843
230,6,1000,3000,289,726,970,911,0.939175258,0.723590151
230,7,1000,3000,304,778,903,871,0.964562569,0.721623861
230,8,1000,3000,339,822,824,803,0.974514563,0.690455718
230,9,1000,3000,359,871,755,742,0.982781457,0.666068223
230,10,1000,3000,357,913,715,709,0.991608392,0.661380597
240,1,1000,3000,34,323,1628,767,0.471130221,0.461492178
240,2,1000,3000,146,410,1429,1018,0.712386284,0.646349206
240,3,1000,3000,174,505,1306,1059,0.810872894,0.715540541
240,4,1000,3000,208,574,1203,1045,0.868661679,0.740609497
240,5,1000,3000,247,661,1077,983,0.91272052,0.74244713
240,6,1000,3000,289,726,970,911,0.939175258,0.723590151
240,7,1000,3000,308,778,899,864,0.961067853,0.715824358
240,8,1000,3000,341,822,822,803,0.976885645,0.690455718
240,9,1000,3000,360,871,754,744,0.986737401,0.667863555
240,10,1000,3000,356,913,716,711,0.99301676,0.663246269
250,1,1000,3000,35,323,1627,780,0.479409957,0.469314079
250,2,1000,3000,147,410,1428,1020,0.714285714,0.647619048
250,3,1000,3000,178,505,1302,1057,0.811827957,0.714189189
250,4,1000,3000,222,574,1189,1029,0.865433137,0.729270021
250,5,1000,3000,255,661,1069,978,0.914873714,0.738670695
250,6,1000,3000,299,726,960,907,0.944791667,0.720413026
250,7,1000,3000,317,778,890,860,0.966292135,0.712510356
250,8,1000,3000,346,822,817,803,0.982864137,0.690455718
250,9,1000,3000,367,871,747,740,0.990629183,0.66427289
250,10,1000,3000,364,913,708,703,0.992937853,0.655783582
260,1,1000,3000,37,323,1625,790,0.486153846,0.475330927
260,2,1000,3000,149,410,1426,1025,0.718793829,0.650793651
260,3,1000,3000,172,505,1308,1062,0.811926606,0.717567568
260,4,1000,3000,209,574,1202,1045,0.869384359,0.740609497
260,5,1000,3000,247,661,1077,983,0.91272052,0.74244713
260,6,1000,3000,289,726,970,911,0.939175258,0.723590151
260,7,1000,3000,305,778,902,868,0.962305987,0.71913836
260,8,1000,3000,339,822,824,804,0.975728155,0.691315563
260,9,1000,3000,364,871,750,740,0.986666667,0.66427289
260,10,1000,3000,362,913,710,705,0.992957746,0.657649254
270,1,1000,3000,39,323,1623,793,0.488601356,0.477135981
270,2,1000,3000,150,410,1425,1018,0.714385965,0.646349206
270,3,1000,3000,176,505,1304,1058,0.811349693,0.714864865
270,4,1000,3000,212,574,1199,1042,0.869057548,0.738483345
270,5,1000,3000,251,661,1073,977,0.910531221,0.737915408
270,6,1000,3000,290,726,969,911,0.940144479,0.723590151
270,7,1000,3000,309,778,898,868,0.966592428,0.71913836
270,8,1000,3000,345,822,818,802,0.980440098,0.689595873
270,9,1000,3000,365,871,749,740,0.987983979,0.66427289
270,10,1000,3000,362,913,710,705,0.992957746,0.657649254
280,1,1000,3000,44,323,1618,807,0.498763906,0.485559567
280,2,1000,3000,147,410,1428,1029,0.720588235,0.653333333
280,3,1000,3000,169,505,1311,1064,0.811594203,0.718918919
280,4,1000,3000,205,574,1206,1049,0.869817579,0.743444366
280,5,1000,3000,246,661,1078,983,0.91187384,0.74244713
280,6,1000,3000,292,726,967,911,0.942088935,0.723590151
280,7,1000,3000,306,778,901,869,0.964483907,0.71996686
280,8,1000,3000,339,822,824,804,0.975728155,0.691315563
280,9,1000,3000,360,871,754,744,0.986737401,0.667863555
280,10,1000,3000,363,913,709,704,0.992947814,0.656716418
290,1,1000,3000,49,323,1613,794,0.492250465,0.477737665
290,2,1000,3000,152,410,1423,1028,0.722417428,0.652698413
290,3,1000,3000,173,505,1307,1062,0.812547819,0.717567568
290,4,1000,3000,211,574,1200,1042,0.868333333,0.738483345
290,5,1000,3000,252,661,1072,973,0.907649254,0.73489426
290,6,1000,3000,293,726,966,907,0.938923395,0.720413026
290,7,1000,3000,309,778,898,862,0.959910913,0.714167357
290,8,1000,3000,340,822,823,805,0.978128797,0.692175408
290,9,1000,3000,367,871,747,738,0.987951807,0.662477558
290,10,1000,3000,368,913,704,699,0.992897727,0.652052239
300,1,1000,3000,43,323,1619,805,0.497220506,0.484356197
300,2,1000,3000,149,410,1426,1030,0.72230014,0.653968254
300,3,1000,3000,178,505,1302,1062,0.815668203,0.717567568
300,4,1000,3000,214,574,1197,1044,0.872180451,0.73990078
300,5,1000,3000,254,661,1070,976,0.912149533,0.737160121
300,6,1000,3000,293,726,966,909,0.940993789,0.722001589
300,7,1000,3000,307,778,900,869,0.965555556,0.71996686
300,8,1000,3000,340,822,823,806,0.979343864,0.693035254
300,9,1000,3000,361,871,753,744,0.988047809,0.667863555
300,10,1000,3000,362,913,710,705,0.992957746,0.657649254
310,1,1000,3000,53,323,1609,804,0.499689248,0.483754513
310,2,1000,3000,154,410,1421,1022,0.719211823,0.648888889
310,3,1000,3000,174,505,1306,1062,0.813169985,0.717567568
310,4,1000,3000,209,574,1202,1045,0.869384359,0.740609497
310,5,1000,3000,249,661,1075,978,0.909767442,0.738670695
310,6,1000,3000,293,726,966,909,0.940993789,0.722001589
310,7,1000,3000,311,778,896,862,0.962053571,0.714167357
310,8,1000,3000,349,822,814,795,0.976658477,0.683576956
310,9,1000,3000,366,871,748,738,0.986631016,0.662477558
310,10,1000,3000,365,913,707,702,0.992927864,0.654850746
320,1,1000,3000,47,323,1615,801,0.495975232,0.481949458
320,2,1000,3000,153,410,1422,1029,0.723628692,0.653333333
320,3,1000,3000,179,505,1301,1056,0.811683321,0.713513514
320,4,1000,3000,212,574,1199,1047,0.87322769,0.742026931
320,5,1000,3000,254,661,1070,975,0.911214953,0.736404834
320,6,1000,3000,294,726,965,909,0.941968912,0.722001589
320,7,1000,3000,307,778,900,866,0.962222222,0.717481359
320,8,1000,3000,345,822,818,800,0.97799511,0.687876182
320,9,1000,3000,365,871,749,740,0.987983979,0.66427289
320,10,1000,3000,365,913,707,702,0.992927864,0.654850746
330,1,1000,3000,52,323,1610,810,0.50310559,0.487364621
330,2,1000,3000,156,410,1419,1035,0.729386892,0.657142857
330,3,1000,3000,180,505,1300,1061,0.816153846,0.716891892
330,4,1000,3000,214,574,1197,1043,0.871345029,0.739192062
330,5,1000,3000,256,661,1068,976,0.913857678,0.737160121
330,6,1000,3000,303,726,956,901,0.942468619,0.715647339
330,7,1000,3000,323,778,884,856,0.968325792,0.709196355
330,8,1000,3000,349,822,814,799,0.981572482,0.687016337
330,9,1000,3000,367,871,747,740,0.990629183,0.66427289
330,10,1000,3000,374,913,698,693,0.992836676,0.646455224
340,1,1000,3000,57,323,1605,819,0.510280374,0.492779783
340,2,1000,3000,151,410,1424,1036,0.72752809,0.657777778
340,3,1000,3000,174,505,1306,1064,0.814701378,0.718918919
340,4,1000,3000,212,574,1199,1042,0.869057548,0.738483345
340,5,1000,3000,251,661,1073,978,0.911463187,0.738670695
340,6,1000,3000,292,726,967,909,0.940020683,0.722001589
340,7,1000,3000,310,778,897,863,0.962095875,0.714995857
340,8,1000,3000,345,822,818,799,0.976772616,0.687016337
340,9,1000,3000,367,871,747,737,0.986613119,0.661579892
340,10,1000,3000,363,913,709,704,0.992947814,0.656716418
350,1,1000,3000,57,323,1605,825,0.514018692,0.496389892
350,2,1000,3000,159,410,1416,1034,0.730225989,0.656507937
350,3,1000,3000,179,505,1301,1063,0.817063797,0.718243243
350,4,1000,3000,216,574,1195,1039,0.869456067,0.736357193
350,5,1000,3000,256,661,1068,971,0.90917603,0.733383686
350,6,1000,3000,294,726,965,907,0.939896373,0.720413026
350,7,1000,3000,315,778,892,861,0.965246637,0.713338857
350,8,1000,3000,350,822,813,796,0.979089791,0.684436801
350,9,1000,3000,370,871,744,735,0.987903226,0.65978456
350,10,1000,3000,364,913,708,703,0.992937853,0.655783582
360,1,1000,3000,57,323,1605,824,0.513395639,0.495788207
360,2,1000,3000,153,410,1422,1033,0.726441632,0.655873016
360,3,1000,3000,179,505,1301,1064,0.817832437,0.718918919
360,4,1000,3000,219,574,1192,1039,0.871644295,0.736357193
360,5,1000,3000,255,661,1069,976,0.913002806,0.737160121
360,6,1000,3000,301,726,958,902,0.941544885,0.71644162
360,7,1000,3000,323,778,884,853,0.964932127,0.706710853
360,8,1000,3000,356,822,807,793,0.982651797,0.681857266
360,9,1000,3000,375,871,739,732,0.99052774,0.657091562
360,10,1000,3000,374,913,698,693,0.992836676,0.646455224
370,1,1000,3000,53,323,1609,818,0.508390305,0.492178099
370,2,1000,3000,157,410,1418,1030,0.726375176,0.653968254
370,3,1000,3000,179,505,1301,1060,0.814757879,0.716216216
370,4,1000,3000,214,574,1197,1041,0.869674185,0.737774628
370,5,1000,3000,257,661,1067,972,0.910965323,0.734138973
370,6,1000,3000,296,726,963,907,0.94184839,0.720413026
370,7,1000,3000,317,778,890,857,0.962921348,0.710024855
370,8,1000,3000,350,822,813,796,0.979089791,0.684436801
370,9,1000,3000,368,871,746,737,0.987935657,0.661579892
370,10,1000,3000,369,913,703,698,0.992887624,0.651119403
380,1,1000,3000,60,323,1602,821,0.512484395,0.493983153
380,2,1000,3000,157,410,1418,1039,0.732722144,0.65968254
380,3,1000,3000,179,505,1301,1065,0.818601076,0.719594595
380,4,1000,3000,215,574,1196,1042,0.871237458,0.738483345
380,5,1000,3000,257,661,1067,972,0.910965323,0.734138973
380,6,1000,3000,299,726,960,903,0.940625,0.717235902
380,7,1000,3000,320,778,887,859,0.96843292,0.711681856
380,8,1000,3000,351,822,812,794,0.977832512,0.682717111
380,9,1000,3000,371,871,743,734,0.987886945,0.658886894
380,10,1000,3000,370,913,702,696,0.991452991,0.649253731
390,1,1000,3000,62,323,1600,819,0.511875,0.492779783
390,2,1000,3000,160,410,1415,1033,0.730035336,0.655873016
390,3,1000,3000,185,505,1295,1059,0.817760618,0.715540541
390,4,1000,3000,223,574,1188,1036,0.872053872,0.734231042
390,5,1000,3000,259,661,1065,974,0.914553991,0.735649547
390,6,1000,3000,307,726,952,898,0.943277311,0.713264496
390,7,1000,3000,330,778,877,845,0.963511973,0.70008285
390,8,1000,3000,357,822,806,791,0.981389578,0.680137575
390,9,1000,3000,382,871,732,725,0.990437158,0.650807899
390,10,1000,3000,384,913,688,683,0.992732558,0.637126866
400,1,1000,3000,59,323,1603,830,0.517779164,0.499398315
400,2,1000,3000,157,410,1418,1032,0.727785614,0.655238095
400,3,1000,3000,179,505,1301,1065,0.818601076,0.719594595
400,4,1000,3000,214,574,1197,1044,0.872180451,0.73990078
400,5,1000,3000,257,661,1067,973,0.91190253,0.73489426
400,6,1000,3000,295,726,964,909,0.942946058,0.722001589
400,7,1000,3000,314,778,893,859,0.961926092,0.711681856
400,8,1000,3000,348,822,815,795,0.975460123,0.683576956
400,9,1000,3000,367,871,747,738,0.987951807,0.662477558
400,10,1000,3000,368,913,704,699,0.992897727,0.652052239
410,1,1000,3000,64,323,1598,833,0.521276596,0.501203369
410,2,1000,3000,162,410,1413,1035,0.732484076,0.657142857
410,3,1000,3000,179,505,1301,1063,0.817063797,0.718243243
410,4,1000,3000,214,574,1197,1043,0.871345029,0.739192062
410,5,1000,3000,255,661,1069,974,0.911131899,0.735649547
410,6,1000,3000,297,726,962,905,0.940748441,0.718824464
410,7,1000,3000,318,778,889,859,0.966254218,0.711681856
410,8,1000,3000,353,822,810,793,0.979012346,0.681857266
410,9,1000,3000,371,871,743,733,0.98654105,0.657989228
410,10,1000,3000,370,913,702,696,0.991452991,0.649253731
420,1,1000,3000,66,323,1596,844,0.528822055,0.507821901
420,2,1000,3000,157,410,1418,1032,0.727785614,0.655238095
420,3,1000,3000,177,505,1303,1059,0.812739831,0.715540541
420,4,1000,3000,214,574,1197,1041,0.869674185,0.737774628
420,5,1000,3000,259,661,1065,974,0.914553991,0.735649547
420,6,1000,3000,300,726,959,903,0.941605839,0.717235902
420,7,1000,3000,315,778,892,860,0.964125561,0.712510356
420,8,1000,3000,352,822,811,793,0.977805179,0.681857266
420,9,1000,3000,371,871,743,733,0.98654105,0.657989228
420,10,1000,3000,370,913,702,697,0.992877493,0.650186567
430,1,1000,3000,67,323,1595,835,0.523510972,0.502406739
430,2,1000,3000,162,410,1413,1034,0.731776362,0.656507937
430,3,1000,3000,181,505,1299,1063,0.818321786,0.718243243
430,4,1000,3000,216,574,1195,1039,0.869456067,0.736357193
430,5,1000,3000,258,661,1066,971,0.910881801,0.733383686
430,6,1000,3000,296,726,963,908,0.942886812,0.721207307
430,7,1000,3000,320,778,887,860,0.969560316,0.712510356
430,8,1000,3000,353,822,810,793,0.979012346,0.681857266
430,9,1000,3000,372,871,742,733,0.98787062,0.657989228
430,10,1000,3000,372,913,700,695,0.992857143,0.648320896
440,1,1000,3000,73,323,1589,841,0.529263688,0.506016847
440,2,1000,3000,162,410,1413,1040,0.736022647,0.66031746
440,3,1000,3000,183,505,1297,1067,0.822667695,0.720945946
440,4,1000,3000,220,574,1191,1039,0.872376154,0.736357193
440,5,1000,3000,261,661,1063,975,0.917215428,0.736404834
440,6,1000,3000,303,726,956,900,0.941422594,0.714853058
440,7,1000,3000,325,778,882,852,0.965986395,0.705882353
440,8,1000,3000,357,822,806,792,0.982630273,0.68099742
440,9,1000,3000,380,871,734,727,0.990463215,0.652603232
440,10,1000,3000,380,913,692,687,0.992774566,0.640858209
450,1,1000,3000,60,323,1602,838,0.52309613,0.504211793
450,2,1000,3000,155,410,1420,1039,0.731690141,0.65968254
450,3,1000,3000,177,505,1303,1065,0.817344589,0.719594595
450,4,1000,3000,210,574,1201,1043,0.868442964,0.739192062
450,5,1000,3000,254,661,1070,977,0.913084112,0.737915408
450,6,1000,3000,294,726,965,909,0.941968912,0.722001589
450,7,1000,3000,314,778,893,859,0.961926092,0.711681856
450,8,1000,3000,348,822,815,796,0.976687117,0.684436801
450,9,1000,3000,367,871,747,737,0.986613119,0.661579892
450,10,1000,3000,369,913,703,698,0.992887624,0.651119403
460,1,1000,3000,64,323,1598,850,0.531914894,0.51143201
460,2,1000,3000,162,410,1413,1035,0.732484076,0.657142857
460,3,1000,3000,184,505,1296,1059,0.81712963,0.715540541
460,4,1000,3000,220,574,1191,1037,0.870696893,0.734939759
460,5,1000,3000,263,661,1061,967,0.911404336,0.730362538
460,6,1000,3000,295,726,964,907,0.940871369,0.720413026
460,7,1000,3000,317,778,890,863,0.969662921,0.714995857
460,8,1000,3000,352,822,811,794,0.979038224,0.682717111
460,9,1000,3000,370,871,744,733,0.985215054,0.657989228
460,10,1000,3000,370,913,702,696,0.991452991,0.649253731
470,1,1000,3000,68,323,1594,844,0.529485571,0.507821901
470,2,1000,3000,169,410,1406,1041,0.740398293,0.660952381
470,3,1000,3000,188,505,1292,1062,0.821981424,0.717567568
470,4,1000,3000,224,574,1187,1037,0.873631003,0.734939759
470,5,1000,3000,265,661,1059,969,0.915014164,0.731873112
470,6,1000,3000,312,726,947,893,0.942977825,0.70929309
470,7,1000,3000,332,778,875,846,0.966857143,0.70091135
470,8,1000,3000,360,822,803,788,0.98132005,0.67755804
470,9,1000,3000,380,871,734,727,0.990463215,0.652603232
470,10,1000,3000,382,913,690,685,0.992753623,0.638992537
480,1,1000,3000,70,323,1592,846,0.531407035,0.509025271
480,2,1000,3000,164,410,1411,1036,0.734231042,0.657777778
480,3,1000,3000,184,505,1296,1059,0.81712963,0.715540541
480,4,1000,3000,218,574,1193,1037,0.869237217,0.734939759
480,5,1000,3000,254,661,1070,978,0.914018692,0.738670695
480,6,1000,3000,297,726,962,907,0.942827443,0.720413026
480,7,1000,3000,317,778,890,858,0.964044944,0.710853355
480,8,1000,3000,351,822,812,794,0.977832512,0.682717111
480,9,1000,3000,369,871,745,736,0.987919463,0.660682226
480,10,1000,3000,369,913,703,698,0.992887624,0.651119403
490,1,1000,3000,68,323,1594,844,0.529485571,0.507821901
490,2,1000,3000,160,410,1415,1035,0.731448763,0.657142857
490,3,1000,3000,183,505,1297,1065,0.821125675,0.719594595
490,4,1000,3000,221,574,1190,1038,0.872268908,0.735648476
490,5,1000,3000,262,661,1062,969,0.912429379,0.731873112
490,6,1000,3000,301,726,958,901,0.940501044,0.715647339
490,7,1000,3000,323,778,884,853,0.964932127,0.706710853
490,8,1000,3000,362,822,801,785,0.980024969,0.674978504
490,9,1000,3000,378,871,736,727,0.987771739,0.652603232
490,10,1000,3000,378,913,694,689,0.992795389,0.642723881
500,1,1000,3000,72,323,1590,841,0.528930818,0.506016847
500,2,1000,3000,168,410,1407,1037,0.73702914,0.658412698
500,3,1000,3000,191,505,1289,1059,0.821567106,0.715540541
500,4,1000,3000,230,574,1181,1027,0.869602032,0.727852587
500,5,1000,3000,264,661,1060,971,0.916037736,0.733383686
500,6,1000,3000,308,726,951,899,0.945320715,0.714058777
500,7,1000,3000,329,778,878,848,0.965831435,0.702568351
500,8,1000,3000,361,822,802,787,0.981296758,0.676698194
500,9,1000,3000,383,871,731,724,0.990424077,0.649910233
500,10,1000,3000,385,913,687,682,0.99272198,0.63619403
510,1,1000,3000,73,323,1589,852,0.536186281,0.512635379
510,2,1000,3000,160,410,1415,1036,0.732155477,0.657777778
510,3,1000,3000,181,505,1299,1062,0.817551963,0.717567568
510,4,1000,3000,220,574,1191,1037,0.870696893,0.734939759
510,5,1000,3000,260,661,1064,972,0.913533835,0.734138973
510,6,1000,3000,299,726,960,905,0.942708333,0.718824464
510,7,1000,3000,313,778,894,862,0.964205817,0.714167357
510,8,1000,3000,349,822,814,795,0.976658477,0.683576956
510,9,1000,3000,371,871,743,734,0.987886945,0.658886894
510,10,1000,3000,375,913,697,692,0.992826399,0.645522388
520,1,1000,3000,71,323,1591,853,0.536140792,0.513237064
520,2,1000,3000,160,410,1415,1042,0.73639576,0.661587302
520,3,1000,3000,184,505,1296,1062,0.819444444,0.717567568
520,4,1000,3000,220,574,1191,1039,0.872376154,0.736357193
520,5,1000,3000,261,661,1063,970,0.912511759,0.732628399
520,6,1000,3000,302,726,957,900,0.940438871,0.714853058
520,7,1000,3000,321,778,886,857,0.967268623,0.710024855
520,8,1000,3000,354,822,809,792,0.978986403,0.68099742
520,9,1000,3000,372,871,742,733,0.98787062,0.657989228
520,10,1000,3000,371,913,701,695,0.991440799,0.648320896
530,1,1000,3000,68,323,1594,846,0.530740276,0.509025271
530,2,1000,3000,164,410,1411,1047,0.742026931,0.664761905
530,3,1000,3000,181,505,1299,1066,0.820631255,0.72027027
530,4,1000,3000,226,574,1185,1032,0.870886076,0.731396173
530,5,1000,3000,266,661,1058,966,0.913043478,0.729607251
530,6,1000,3000,311,726,948,896,0.945147679,0.711675933
530,7,1000,3000,332,778,875,844,0.964571429,0.69925435
530,8,1000,3000,360,822,803,789,0.98256538,0.678417885
530,9,1000,3000,385,871,729,722,0.990397805,0.648114901
530,10,1000,3000,385,913,687,682,0.99272198,0.63619403
540,1,1000,3000,80,323,1582,851,0.537926675,0.512033694
540,2,1000,3000,167,410,1408,1030,0.731534091,0.653968254
540,3,1000,3000,186,505,1294,1062,0.820710974,0.717567568
540,4,1000,3000,222,574,1189,1034,0.869638352,0.732813607
540,5,1000,3000,260,661,1064,972,0.913533835,0.734138973
540,6,1000,3000,295,726,964,907,0.940871369,0.720413026
540,7,1000,3000,318,778,889,858,0.965129359,0.710853355
540,8,1000,3000,358,822,805,789,0.980124224,0.678417885
540,9,1000,3000,375,871,739,730,0.98782138,0.65529623
540,10,1000,3000,373,913,699,694,0.992846924,0.64738806
550,1,1000,3000,77,323,1585,858,0.541324921,0.516245487
550,2,1000,3000,163,410,1412,1054,0.746458924,0.669206349
550,3,1000,3000,188,505,1292,1063,0.822755418,0.718243243
550,4,1000,3000,227,574,1184,1034,0.873310811,0.732813607
550,5,1000,3000,266,661,1058,967,0.913988658,0.730362538
550,6,1000,3000,307,726,952,897,0.942226891,0.712470214
550,7,1000,3000,327,778,880,850,0.965909091,0.704225352
550,8,1000,3000,356,822,807,793,0.982651797,0.681857266
550,9,1000,3000,375,871,739,732,0.99052774,0.657091562
550,10,1000,3000,375,913,697,692,0.992826399,0.645522388
560,1,1000,3000,72,323,1590,860,0.540880503,0.517448857
560,2,1000,3000,161,410,1414,1039,0.734794908,0.65968254
560,3,1000,3000,180,505,1300,1063,0.817692308,0.718243243
560,4,1000,3000,221,574,1190,1037,0.871428571,0.734939759
560,5,1000,3000,259,661,1065,971,0.911737089,0.733383686
560,6,1000,3000,303,726,956,902,0.943514644,0.71644162
560,7,1000,3000,319,778,888,856,0.963963964,0.709196355
560,8,1000,3000,356,822,807,788,0.97645601,0.67755804
560,9,1000,3000,373,871,741,732,0.987854251,0.657091562
560,10,1000,3000,374,913,698,693,0.992836676,0.646455224
570,1,1000,3000,74,323,1588,855,0.538413098,0.514440433
570,2,1000,3000,167,410,1408,1036,0.735795455,0.657777778
570,3,1000,3000,190,505,1290,1059,0.820930233,0.715540541
570,4,1000,3000,224,574,1187,1033,0.870261163,0.73210489
570,5,1000,3000,262,661,1062,970,0.913370998,0.732628399
570,6,1000,3000,303,726,956,899,0.940376569,0.714058777
570,7,1000,3000,322,778,885,853,0.963841808,0.706710853
570,8,1000,3000,360,822,803,785,0.97758406,0.674978504
570,9,1000,3000,374,871,740,731,0.987837838,0.656193896
570,10,1000,3000,375,913,697,691,0.991391679,0.644589552
580,1,1000,3000,76,323,1586,852,0.537200504,0.512635379
580,2,1000,3000,166,410,1409,1039,0.737402413,0.65968254
580,3,1000,3000,192,505,1288,1063,0.825310559,0.718243243
580,4,1000,3000,225,574,1186,1035,0.872681282,0.733522325
580,5,1000,3000,265,661,1059,969,0.915014164,0.731873112
580,6,1000,3000,310,726,949,896,0.944151739,0.711675933
580,7,1000,3000,332,778,875,846,0.966857143,0.70091135
580,8,1000,3000,365,822,798,784,0.98245614,0.674118659
580,9,1000,3000,388,871,726,719,0.990358127,0.645421903
580,10,1000,3000,388,913,684,679,0.992690058,0.633395522
590,1,1000,3000,80,323,1582,853,0.539190898,0.513237064
590,2,1000,3000,159,410,1416,1039,0.733757062,0.65968254
590,3,1000,3000,182,505,1298,1067,0.822033898,0.720945946
590,4,1000,3000,218,574,1193,1041,0.872590109,0.737774628
590,5,1000,3000,255,661,1069,977,0.91393826,0.737915408
590,6,1000,3000,302,726,957,902,0.942528736,0.71644162
590,7,1000,3000,314,778,893,862,0.965285554,0.714167357
590,8,1000,3000,352,822,811,794,0.979038224,0.682717111
590,9,1000,3000,373,871,741,733,0.989203779,0.657989228
590,10,1000,3000,374,913,698,694,0.994269341,0.64738806
600,1,1000,3000,83,323,1579,858,0.543381887,0.516245487
600,2,1000,3000,168,410,1407,1037,0.73702914,0.658412698
600,3,1000,3000,186,505,1294,1063,0.821483771,0.718243243
600,4,1000,3000,223,574,1188,1036,0.872053872,0.734231042
600,5,1000,3000,263,661,1061,970,0.914231857,0.732628399
600,6,1000,3000,300,726,959,903,0.941605839,0.717235902
600,7,1000,3000,317,778,890,860,0.966292135,0.712510356
600,8,1000,3000,352,822,811,794,0.979038224,0.682717111
600,9,1000,3000,373,871,741,732,0.987854251,0.657091562
600,10,1000,3000,375,913,697,692,0.992826399,0.645522388
610,1,1000,3000,74,323,1588,858,0.540302267,0.516245487
610,2,1000,3000,169,410,1406,1046,0.743954481,0.664126984
610,3,1000,3000,191,505,1289,1062,0.823894492,0.717567568
610,4,1000,3000,230,574,1181,1031,0.872988992,0.730687456
610,5,1000,3000,266,661,1058,969,0.915879017,0.731873112
610,6,1000,3000,309,726,950,898,0.945263158,0.713264496
610,7,1000,3000,329,778,878,847,0.964692483,0.701739851
610,8,1000,3000,361,822,802,786,0.980049875,0.675838349
610,9,1000,3000,384,871,730,723,0.990410959,0.649012567
610,10,1000,3000,381,913,691,686,0.99276411,0.639925373
620,1,1000,3000,83,323,1579,855,0.541481951,0.514440433
620,2,1000,3000,165,410,1410,1038,0.736170213,0.659047619
620,3,1000,3000,185,505,1295,1065,0.822393822,0.719594595
620,4,1000,3000,224,574,1187,1034,0.871103623,0.732813607
620,5,1000,3000,264,661,1060,966,0.911320755,0.729607251
620,6,1000,3000,303,726,956,899,0.940376569,0.714058777
620,7,1000,3000,324,778,883,853,0.966024915,0.706710853
620,8,1000,3000,359,822,804,787,0.978855721,0.676698194
620,9,1000,3000,377,871,737,728,0.987788331,0.653500898
620,10,1000,3000,375,913,697,690,0.989956958,0.643656716
630,1,1000,3000,84,323,1578,862,0.54626109,0.518652226
630,2,1000,3000,166,410,1409,1038,0.73669269,0.659047619
630,3,1000,3000,183,505,1297,1067,0.822667695,0.720945946
630,4,1000,3000,218,574,1193,1038,0.87007544,0.735648476
630,5,1000,3000,262,661,1062,972,0.915254237,0.734138973
630,6,1000,3000,300,726,959,904,0.942648592,0.718030183
630,7,1000,3000,322,778,885,855,0.966101695,0.708367854
630,8,1000,3000,360,822,803,786,0.97882939,0.675838349
630,9,1000,3000,379,871,735,726,0.987755102,0.651705566
630,10,1000,3000,380,913,692,687,0.992774566,0.640858209
640,1,1000,3000,86,323,1576,861,0.546319797,0.518050542
640,2,1000,3000,171,410,1404,1037,0.738603989,0.658412698
640,3,1000,3000,192,505,1288,1061,0.823757764,0.716891892
640,4,1000,3000,228,574,1183,1036,0.875739645,0.734231042
640,5,1000,3000,267,661,1057,970,0.91769158,0.732628399
640,6,1000,3000,311,726,948,896,0.945147679,0.711675933
640,7,1000,3000,332,778,875,846,0.966857143,0.70091135
640,8,1000,3000,362,822,801,787,0.982521848,0.676698194
640,9,1000,3000,388,871,726,719,0.990358127,0.645421903
640,10,1000,3000,388,913,684,679,0.992690058,0.633395522
650,1,1000,3000,88,323,1574,861,0.547013977,0.518050542
650,2,1000,3000,166,410,1409,1033,0.733144074,0.655873016
650,3,1000,3000,182,505,1298,1069,0.82357473,0.722297297
650,4,1000,3000,217,574,1194,1043,0.873534338,0.739192062
650,5,1000,3000,258,661,1066,975,0.914634146,0.736404834
650,6,1000,3000,301,726,958,902,0.941544885,0.71644162
650,7,1000,3000,322,778,885,854,0.964971751,0.707539354
650,8,1000,3000,355,822,808,790,0.977722772,0.67927773
650,9,1000,3000,377,871,737,728,0.987788331,0.653500898
650,10,1000,3000,378,913,694,689,0.992795389,0.642723881
660,1,1000,3000,86,323,1576,871,0.552664975,0.524067389
660,2,1000,3000,169,410,1406,1046,0.743954481,0.664126984
660,3,1000,3000,191,505,1289,1061,0.823118697,0.716891892
660,4,1000,3000,224,574,1187,1038,0.874473463,0.735648476
660,5,1000,3000,264,661,1060,971,0.916037736,0.733383686
660,6,1000,3000,311,726,948,893,0.941983122,0.70929309
660,7,1000,3000,327,778,880,851,0.967045455,0.705053853
660,8,1000,3000,360,822,803,788,0.98132005,0.67755804
660,9,1000,3000,381,871,733,726,0.990450205,0.651705566
660,10,1000,3000,385,913,687,682,0.99272198,0.63619403
670,1,1000,3000,87,323,1575,859,0.545396825,0.516847172
670,2,1000,3000,168,410,1407,1047,0.744136461,0.664761905
670,3,1000,3000,192,505,1288,1063,0.825310559,0.718243243
670,4,1000,3000,232,574,1179,1027,0.871077184,0.727852587
670,5,1000,3000,273,661,1051,960,0.913415794,0.725075529
670,6,1000,3000,319,726,940,886,0.942553191,0.703733122
670,7,1000,3000,342,778,865,832,0.961849711,0.689312345
670,8,1000,3000,370,822,793,778,0.981084489,0.668959587
670,9,1000,3000,388,871,726,719,0.990358127,0.645421903
670,10,1000,3000,392,913,680,674,0.991176471,0.628731343
680,1,1000,3000,86,323,1576,861,0.546319797,0.518050542
680,2,1000,3000,166,410,1409,1039,0.737402413,0.65968254
680,3,1000,3000,185,505,1295,1064,0.821621622,0.718918919
680,4,1000,3000,225,574,1186,1033,0.870994941,0.73210489
680,5,1000,3000,262,661,1062,971,0.914312618,0.733383686
680,6,1000,3000,300,726,959,903,0.941605839,0.717235902
680,7,1000,3000,321,778,886,856,0.966139955,0.709196355
680,8,1000,3000,360,822,803,786,0.97882939,0.675838349
680,9,1000,3000,380,871,734,725,0.98773842,0.650807899
680,10,1000,3000,379,913,693,688,0.992784993,0.641791045
690,1,1000,3000,87,323,1575,875,0.555555556,0.526474128
690,2,1000,3000,167,410,1408,1045,0.7421875,0.663492063
690,3,1000,3000,189,505,1291,1065,0.824941905,0.719594595
690,4,1000,3000,224,574,1187,1038,0.874473463,0.735648476
690,5,1000,3000,264,661,1060,971,0.916037736,0.733383686
690,6,1000,3000,312,726,947,895,0.945089757,0.710881652
690,7,1000,3000,333,778,874,845,0.966819222,0.70008285
690,8,1000,3000,363,822,800,785,0.98125,0.674978504
690,9,1000,3000,389,871,725,716,0.987586207,0.642728905
690,10,1000,3000,391,913,681,675,0.991189427,0.629664179
700,1,1000,3000,84,323,1578,866,0.548795944,0.521058965
700,2,1000,3000,167,410,1408,1039,0.737926136,0.65968254
700,3,1000,3000,191,505,1289,1061,0.823118697,0.716891892
700,4,1000,3000,223,574,1188,1035,0.871212121,0.733522325
700,5,1000,3000,264,661,1060,968,0.913207547,0.731117825
700,6,1000,3000,305,726,954,898,0.94129979,0.713264496
700,7,1000,3000,329,778,878,847,0.964692483,0.701739851
700,8,1000,3000,364,822,799,781,0.97747184,0.671539123
700,9,1000,3000,381,871,733,724,0.987721692,0.649910233
700,10,1000,3000,382,913,690,685,0.992753623,0.638992537
710,1,1000,3000,86,323,1576,871,0.552664975,0.524067389
710,2,1000,3000,172,410,1403,1036,0.738417676,0.657777778
710,3,1000,3000,188,505,1292,1063,0.822755418,0.718243243
710,4,1000,3000,230,574,1181,1031,0.872988992,0.730687456
710,5,1000,3000,266,661,1058,967,0.913988658,0.730362538
710,6,1000,3000,301,726,958,904,0.943632568,0.718030183
710,7,1000,3000,323,778,884,855,0.96719457,0.708367854
710,8,1000,3000,360,822,803,786,0.97882939,0.675838349
710,9,1000,3000,377,871,737,728,0.987788331,0.653500898
710,10,1000,3000,381,913,691,685,0.991316932,0.638992537
720,1,1000,3000,89,323,1573,867,0.551176097,0.52166065
720,2,1000,3000,168,410,1407,1043,0.741293532,0.662222222
720,3,1000,3000,192,505,1288,1060,0.822981366,0.716216216
720,4,1000,3000,231,574,1180,1029,0.872033898,0.729270021
720,5,1000,3000,265,661,1059,970,0.915958451,0.732628399
720,6,1000,3000,307,726,952,899,0.944327731,0.714058777
720,7,1000,3000,332,778,875,844,0.964571429,0.69925435
720,8,1000,3000,368,822,795,780,0.981132075,0.670679278
720,9,1000,3000,387,871,727,720,0.990371389,0.646319569
720,10,1000,3000,386,913,686,681,0.99271137,0.635261194
730,1,1000,3000,89,323,1573,869,0.552447552,0.522864019
730,2,1000,3000,171,410,1404,1033,0.735754986,0.655873016
730,3,1000,3000,187,505,1293,1064,0.822892498,0.718918919
730,4,1000,3000,223,574,1188,1036,0.872053872,0.734231042
730,5,1000,3000,267,661,1057,966,0.913907285,0.729607251
730,6,1000,3000,303,726,956,902,0.943514644,0.71644162
730,7,1000,3000,326,778,881,850,0.964812713,0.704225352
730,8,1000,3000,361,822,802,785,0.978802993,0.674978504
730,9,1000,3000,385,871,729,720,0.987654321,0.646319569
730,10,1000,3000,385,913,687,682,0.99272198,0.63619403
740,1,1000,3000,84,323,1578,863,0.546894804,0.519253911
740,2,1000,3000,167,410,1408,1044,0.741477273,0.662857143
740,3,1000,3000,186,505,1294,1065,0.823029366,0.719594595
740,4,1000,3000,227,574,1184,1030,0.869932432,0.729978738
740,5,1000,3000,270,661,1054,963,0.913662239,0.72734139
740,6,1000,3000,309,726,950,894,0.941052632,0.710087371
740,7,1000,3000,333,778,874,845,0.966819222,0.70008285
740,8,1000,3000,364,822,799,783,0.979974969,0.673258813
740,9,1000,3000,384,871,730,721,0.987671233,0.647217235
740,10,1000,3000,387,913,685,680,0.99270073,0.634328358
750,1,1000,3000,81,323,1581,871,0.550917141,0.524067389
750,2,1000,3000,172,410,1403,1042,0.742694227,0.661587302
750,3,1000,3000,193,505,1287,1061,0.824397824,0.716891892
750,4,1000,3000,232,574,1179,1029,0.872773537,0.729270021
750,5,1000,3000,270,661,1054,966,0.916508539,0.729607251
750,6,1000,3000,316,726,943,892,0.945917285,0.708498809
750,7,1000,3000,337,778,870,842,0.967816092,0.697597349
750,8,1000,3000,369,822,794,780,0.982367758,0.670679278
750,9,1000,3000,385,871,729,722,0.990397805,0.648114901
750,10,1000,3000,387,913,685,680,0.99270073,0.634328358
760,1,1000,3000,90,323,1572,871,0.554071247,0.524067389
760,2,1000,3000,170,410,1405,1040,0.740213523,0.66031746
760,3,1000,3000,187,505,1293,1066,0.824439288,0.72027027
760,4,1000,3000,224,574,1187,1039,0.875315922,0.736357193
760,5,1000,3000,267,661,1057,966,0.913907285,0.729607251
760,6,1000,3000,308,726,951,896,0.942166141,0.711675933
760,7,1000,3000,338,778,869,839,0.96547756,0.695111848
760,8,1000,3000,372,822,791,775,0.97977244,0.666380052
760,9,1000,3000,386,871,728,718,0.986263736,0.644524237
760,10,1000,3000,384,913,688,682,0.99127907,0.63619403
770,1,1000,3000,87,323,1575,875,0.555555556,0.526474128
770,2,1000,3000,171,410,1404,1042,0.742165242,0.661587302
770,3,1000,3000,192,505,1288,1061,0.823757764,0.716891892
770,4,1000,3000,228,574,1183,1035,0.874894336,0.733522325
770,5,1000,3000,269,661,1055,966,0.91563981,0.729607251
770,6,1000,3000,315,726,944,890,0.94279661,0.706910246
770,7,1000,3000,334,778,873,845,0.96792669,0.70008285
770,8,1000,3000,369,822,794,779,0.981108312,0.669819433
770,9,1000,3000,389,871,725,718,0.990344828,0.644524237
770,10,1000,3000,393,913,679,674,0.99263623,0.628731343
780,1,1000,3000,93,323,1569,868,0.553218611,0.522262335
780,2,1000,3000,170,410,1405,1043,0.742348754,0.662222222
780,3,1000,3000,193,505,1287,1063,0.825951826,0.718243243
780,4,1000,3000,234,574,1177,1026,0.871707732,0.72714387
780,5,1000,3000,268,661,1056,968,0.916666667,0.731117825
780,6,1000,3000,318,726,941,890,0.945802338,0.706910246
780,7,1000,3000,342,778,865,836,0.966473988,0.692626346
780,8,1000,3000,371,822,792,776,0.97979798,0.667239897
780,9,1000,3000,397,871,717,710,0.990237099,0.637342908
780,10,1000,3000,398,913,674,669,0.992581602,0.624067164
790,1,1000,3000,96,323,1566,870,0.555555556,0.523465704
790,2,1000,3000,170,410,1405,1036,0.737366548,0.657777778
790,3,1000,3000,189,505,1291,1065,0.824941905,0.719594595
790,4,1000,3000,227,574,1184,1033,0.872466216,0.73210489
790,5,1000,3000,269,661,1055,964,0.913744076,0.728096677
790,6,1000,3000,309,726,950,894,0.941052632,0.710087371
790,7,1000,3000,328,778,879,848,0.964732651,0.702568351
790,8,1000,3000,363,822,800,783,0.97875,0.673258813
790,9,1000,3000,382,871,732,723,0.987704918,0.649012567
790,10,1000,3000,386,913,686,681,0.99271137,0.635261194
800,1,1000,3000,96,323,1566,870,0.555555556,0.523465704
800,2,1000,3000,169,410,1406,1046,0.743954481,0.664126984
800,3,1000,3000,190,505,1290,1065,0.825581395,0.719594595
800,4,1000,3000,231,574,1180,1031,0.873728814,0.730687456
800,5,1000,3000,270,661,1054,965,0.915559772,0.728851964
800,6,1000,3000,311,726,948,896,0.945147679,0.711675933
800,7,1000,3000,333,778,874,843,0.964530892,0.698425849
800,8,1000,3000,367,822,796,780,0.979899497,0.670679278
800,9,1000,3000,391,871,723,716,0.990318119,0.642728905
800,10,1000,3000,392,913,680,675,0.992647059,0.629664179
810,1,1000,3000,95,323,1567,867,0.553286535,0.52166065
810,2,1000,3000,173,410,1402,1052,0.750356633,0.667936508
810,3,1000,3000,194,505,1286,1063,0.82659409,0.718243243
810,4,1000,3000,234,574,1177,1031,0.87595582,0.730687456
810,5,1000,3000,268,661,1056,967,0.915719697,0.730362538
810,6,1000,3000,311,726,948,897,0.946202532,0.712470214
810,7,1000,3000,340,778,867,840,0.968858131,0.695940348
810,8,1000,3000,374,822,789,774,0.980988593,0.665520206
810,9,1000,3000,393,871,721,714,0.990291262,0.640933573
810,10,1000,3000,396,913,676,671,0.99260355,0.625932836
820,1,1000,3000,91,323,1571,877,0.558243157,0.527677497
820,2,1000,3000,171,410,1404,1039,0.74002849,0.65968254
820,3,1000,3000,185,505,1295,1069,0.825482625,0.722297297
820,4,1000,3000,223,574,1188,1035,0.871212121,0.733522325
820,5,1000,3000,265,661,1059,968,0.914069877,0.731117825
820,6,1000,3000,304,726,955,900,0.942408377,0.714853058
820,7,1000,3000,331,778,876,847,0.966894977,0.701739851
820,8,1000,3000,366,822,797,780,0.978670013,0.670679278
820,9,1000,3000,382,871,732,722,0.986338798,0.648114901
820,10,1000,3000,380,913,692,686,0.99132948,0.639925373
830,1,1000,3000,91,323,1571,880,0.560152769,0.529482551
830,2,1000,3000,173,410,1402,1043,0.743937233,0.662222222
830,3,1000,3000,191,505,1289,1066,0.826997673,0.72027027
830,4,1000,3000,233,574,1178,1028,0.872665535,0.728561304
830,5,1000,3000,271,661,1053,963,0.914529915,0.72734139
830,6,1000,3000,318,726,941,888,0.943676939,0.705321684
830,7,1000,3000,341,778,866,836,0.965357968,0.692626346
830,8,1000,3000,372,822,791,777,0.982300885,0.668099742
830,9,1000,3000,392,871,722,714,0.988919668,0.640933573
830,10,1000,3000,393,913,679,673,0.991163476,0.627798507
840,1,1000,3000,92,323,1570,871,0.55477707,0.524067389
840,2,1000,3000,170,410,1405,1039,0.739501779,0.65968254
840,3,1000,3000,189,505,1291,1060,0.821068939,0.716216216
840,4,1000,3000,227,574,1184,1028,0.868243243,0.728561304
840,5,1000,3000,267,661,1057,967,0.914853359,0.730362538
840,6,1000,3000,309,726,950,895,0.942105263,0.710881652
840,7,1000,3000,332,778,875,847,0.968,0.701739851
840,8,1000,3000,367,822,796,779,0.978643216,0.669819433
840,9,1000,3000,383,871,731,722,0.987688098,0.648114901
840,10,1000,3000,388,913,684,679,0.992690058,0.633395522
850,1,1000,3000,99,323,1563,871,0.557261676,0.524067389
850,2,1000,3000,168,410,1407,1047,0.744136461,0.664761905
850,3,1000,3000,184,505,1296,1067,0.823302469,0.720945946
850,4,1000,3000,225,574,1186,1033,0.870994941,0.73210489
850,5,1000,3000,268,661,1056,967,0.915719697,0.730362538
850,6,1000,3000,310,726,949,892,0.939936776,0.708498809
850,7,1000,3000,331,778,876,845,0.964611872,0.70008285
850,8,1000,3000,364,822,799,781,0.97747184,0.671539123
850,9,1000,3000,387,871,727,718,0.987620358,0.644524237
850,10,1000,3000,391,913,681,675,0.991189427,0.629664179
860,1,1000,3000,93,323,1569,876,0.5583174,0.527075812
860,2,1000,3000,169,410,1406,1044,0.742532006,0.662857143
860,3,1000,3000,191,505,1289,1062,0.823894492,0.717567568
860,4,1000,3000,230,574,1181,1030,0.872142252,0.729978738
860,5,1000,3000,267,661,1057,969,0.916745506,0.731873112
860,6,1000,3000,313,726,946,894,0.945031712,0.710087371
860,7,1000,3000,340,778,867,838,0.966551326,0.694283347
860,8,1000,3000,374,822,789,773,0.979721166,0.664660361
860,9,1000,3000,392,871,722,715,0.990304709,0.641831239
860,10,1000,3000,393,913,679,674,0.99263623,0.628731343
870,1,1000,3000,97,323,1565,862,0.550798722,0.518652226
870,2,1000,3000,169,410,1406,1040,0.739687055,0.66031746
870,3,1000,3000,190,505,1290,1063,0.824031008,0.718243243
870,4,1000,3000,226,574,1185,1032,0.870886076,0.731396173
870,5,1000,3000,269,661,1055,966,0.91563981,0.729607251
870,6,1000,3000,304,726,955,901,0.943455497,0.715647339
870,7,1000,3000,328,778,879,851,0.96814562,0.705053853
870,8,1000,3000,363,822,800,783,0.97875,0.673258813
870,9,1000,3000,387,871,727,717,0.986244842,0.643626571
870,10,1000,3000,392,913,680,674,0.991176471,0.628731343
880,1,1000,3000,98,323,1564,879,0.56202046,0.528880866
880,2,1000,3000,174,410,1401,1044,0.745182013,0.662857143
880,3,1000,3000,192,505,1288,1063,0.825310559,0.718243243
880,4,1000,3000,228,574,1183,1034,0.874049028,0.732813607
880,5,1000,3000,269,661,1055,967,0.916587678,0.730362538
880,6,1000,3000,311,726,948,895,0.944092827,0.710881652
880,7,1000,3000,336,778,871,842,0.966704937,0.697597349
880,8,1000,3000,371,822,792,778,0.982323232,0.668959587
880,9,1000,3000,395,871,719,712,0.990264256,0.639138241
880,10,1000,3000,396,913,676,671,0.99260355,0.625932836
890,1,1000,3000,93,323,1569,882,0.562141491,0.530685921
890,2,1000,3000,173,410,1402,1050,0.7489301,0.666666667
890,3,1000,3000,188,505,1292,1067,0.825851393,0.720945946
890,4,1000,3000,225,574,1186,1036,0.873524452,0.734231042
890,5,1000,3000,271,661,1053,965,0.91642925,0.728851964
890,6,1000,3000,319,726,940,889,0.945744681,0.706115965
890,7,1000,3000,347,778,860,831,0.96627907,0.688483844
890,8,1000,3000,379,822,784,768,0.979591837,0.660361135
890,9,1000,3000,396,871,718,711,0.990250696,0.638240575
890,10,1000,3000,397,913,675,670,0.992592593,0.625
900,1,1000,3000,96,323,1566,867,0.553639847,0.52166065
900,2,1000,3000,168,410,1407,1044,0.742004264,0.662857143
900,3,1000,3000,190,505,1290,1065,0.825581395,0.719594595
900,4,1000,3000,225,574,1186,1033,0.870994941,0.73210489
900,5,1000,3000,266,661,1058,968,0.914933837,0.731117825
900,6,1000,3000,307,726,952,897,0.942226891,0.712470214
900,7,1000,3000,331,778,876,846,0.965753425,0.70091135
900,8,1000,3000,368,822,795,778,0.978616352,0.668959587
900,9,1000,3000,384,871,730,721,0.987671233,0.647217235
900,10,1000,3000,388,913,684,678,0.99122807,0.632462687
910,1,1000,3000,101,323,1561,877,0.561819347,0.527677497
910,2,1000,3000,171,410,1404,1045,0.744301994,0.663492063
910,3,1000,3000,193,505,1287,1064,0.826728827,0.718918919
910,4,1000,3000,231,574,1180,1031,0.873728814,0.730687456
910,5,1000,3000,271,661,1053,965,0.91642925,0.728851964
910,6,1000,3000,313,726,946,894,0.945031712,0.710087371
910,7,1000,3000,337,778,870,842,0.967816092,0.697597349
910,8,1000,3000,369,822,794,779,0.981108312,0.669819433
910,9,1000,3000,388,871,726,719,0.990358127,0.645421903
910,10,1000,3000,391,913,681,676,0.992657856,0.630597015
920,1,1000,3000,102,323,1560,883,0.566025641,0.531287605
920,2,1000,3000,172,410,1403,1043,0.743406985,0.662222222
920,3,1000,3000,197,505,1283,1060,0.82618862,0.716216216
920,4,1000,3000,235,574,1176,1028,0.87414966,0.728561304
920,5,1000,3000,276,661,1048,958,0.914122137,0.723564955
920,6,1000,3000,316,726,943,892,0.945917285,0.708498809
920,7,1000,3000,343,778,864,837,0.96875,0.693454847
920,8,1000,3000,373,822,790,775,0.981012658,0.666380052
920,9,1000,3000,394,871,720,711,0.9875,0.638240575
920,10,1000,3000,397,913,675,669,0.991111111,0.624067164
930,1,1000,3000,102,323,1560,876,0.561538462,0.527075812
930,2,1000,3000,171,410,1404,1040,0.740740741,0.66031746
930,3,1000,3000,191,505,1289,1065,0.826221877,0.719594595
930,4,1000,3000,228,574,1183,1031,0.871513102,0.730687456
930,5,1000,3000,272,661,1052,961,0.913498099,0.725830816
930,6,1000,3000,312,726,947,892,0.941921859,0.708498809
930,7,1000,3000,337,778,870,840,0.965517241,0.695940348
930,8,1000,3000,370,822,793,778,0.981084489,0.668959587
930,9,1000,3000,385,871,729,720,0.987654321,0.646319569
930,10,1000,3000,385,913,687,682,0.99272198,0.63619403
940,1,1000,3000,96,323,1566,876,0.559386973,0.527075812
940,2,1000,3000,174,410,1401,1045,0.745895789,0.663492063
940,3,1000,3000,195,505,1285,1061,0.825680934,0.716891892
940,4,1000,3000,232,574,1179,1031,0.87446989,0.730687456
940,5,1000,3000,277,661,1047,957,0.914040115,0.722809668
940,6,1000,3000,323,726,936,884,0.944444444,0.702144559
940,7,1000,3000,345,778,862,832,0.965197216,0.689312345
940,8,1000,3000,377,822,786,770,0.979643766,0.662080825
940,9,1000,3000,396,871,718,711,0.990250696,0.638240575
940,10,1000,3000,398,913,674,669,0.992581602,0.624067164
950,1,1000,3000,101,323,1561,879,0.563100577,0.528880866
950,2,1000,3000,177,410,1398,1043,0.746065808,0.662222222
950,3,1000,3000,196,505,1284,1064,0.828660436,0.718918919
950,4,1000,3000,237,574,1174,1025,0.873083475,0.726435152
950,5,1000,3000,272,661,1052,964,0.91634981,0.728096677
950,6,1000,3000,316,726,943,892,0.945917285,0.708498809
950,7,1000,3000,346,778,861,831,0.965156794,0.688483844
950,8,1000,3000,375,822,788,771,0.978426396,0.662940671
950,9,1000,3000,396,871,718,711,0.990250696,0.638240575
950,10,1000,3000,395,913,677,671,0.991137371,0.625932836
960,1,1000,3000,100,323,1562,880,0.563380282,0.529482551
960,2,1000,3000,173,410,1402,1048,0.747503566,0.665396825
960,3,1000,3000,195,505,1285,1061,0.825680934,0.716891892
960,4,1000,3000,233,574,1178,1026,0.870967742,0.72714387
960,5,1000,3000,277,661,1047,958,0.914995224,0.723564955
960,6,1000,3000,315,726,944,891,0.943855932,0.707704527
960,7,1000,3000,335,778,872,842,0.96559633,0.697597349
960,8,1000,3000,372,822,791,773,0.977243995,0.664660361
960,9,1000,3000,392,871,722,714,0.988919668,0.640933573
960,10,1000,3000,393,913,679,674,0.99263623,0.628731343
970,1,1000,3000,96,323,1566,883,0.56385696,0.531287605
970,2,1000,3000,177,410,1398,1039,0.743204578,0.65968254
970,3,1000,3000,198,505,1282,1057,0.82449298,0.714189189
970,4,1000,3000,235,574,1176,1028,0.87414966,0.728561304
970,5,1000,3000,272,661,1052,964,0.91634981,0.728096677
970,6,1000,3000,316,726,943,894,0.948038176,0.710087371
970,7,1000,3000,341,778,866,838,0.967667436,0.694283347
970,8,1000,3000,376,822,787,771,0.979669632,0.662940671
970,9,1000,3000,397,871,717,709,0.988842399,0.636445242
970,10,1000,3000,395,913,677,671,0.991137371,0.625932836
980,1,1000,3000,102,323,1560,873,0.559615385,0.525270758
980,2,1000,3000,174,410,1401,1036,0.739471806,0.657777778
980,3,1000,3000,191,505,1289,1064,0.825446082,0.718918919
980,4,1000,3000,227,574,1184,1034,0.873310811,0.732813607
980,5,1000,3000,270,661,1054,964,0.914611006,0.728096677
980,6,1000,3000,311,726,948,894,0.943037975,0.710087371
980,7,1000,3000,335,778,872,842,0.96559633,0.697597349
980,8,1000,3000,373,822,790,775,0.981012658,0.666380052
980,9,1000,3000,386,871,728,719,0.987637363,0.645421903
980,10,1000,3000,389,913,683,678,0.992679356,0.632462687
990,1,1000,3000,99,323,1563,880,0.563019834,0.529482551
990,2,1000,3000,170,410,1405,1049,0.746619217,0.666031746
990,3,1000,3000,191,505,1289,1063,0.824670287,0.718243243
990,4,1000,3000,228,574,1183,1033,0.873203719,0.73210489
990,5,1000,3000,272,661,1052,963,0.91539924,0.72734139
990,6,1000,3000,319,726,940,886,0.942553191,0.703733122
990,7,1000,3000,337,778,870,841,0.966666667,0.696768848
990,8,1000,3000,377,822,786,772,0.982188295,0.663800516
990,9,1000,3000,397,871,717,710,0.990237099,0.637342908
990,10,1000,3000,398,913,674,669,0.992581602,0.624067164
1000,1,1000,3000,104,323,1558,881,0.565468549,0.530084236
1000,2,1000,3000,175,410,1400,1044,0.745714286,0.662857143
1000,3,1000,3000,194,505,1286,1064,0.827371695,0.718918919
1000,4,1000,3000,235,574,1176,1027,0.87329932,0.727852587
1000,5,1000,3000,273,661,1051,964,0.917221694,0.728096677
1000,6,1000,3000,319,726,940,889,0.945744681,0.706115965
1000,7,1000,3000,345,778,862,834,0.967517401,0.690969345
1000,8,1000,3000,379,822,784,769,0.980867347,0.66122098
1000,9,1000,3000,396,871,718,711,0.990250696,0.638240575
1000,10,1000,3000,400,913,672,666,0.991071429,0.621268657