100,1,1,20,152,1390,660,0.4748201438848921,0.46808510638297873
100,1,2,6,152,1404,532,0.3789173789173789,0.3773049645390071
100,1,3,1,152,1409,527,0.37402413058907025,0.37375886524822693
100,1,4,0,152,1410,525,0.3723404255319149,0.3723404255319149
100,1,5,0,152,1410,550,0.3900709219858156,0.3900709219858156
100,1,6,0,152,1410,567,0.4021276595744681,0.4021276595744681
100,1,7,0,152,1410,578,0.4099290780141844,0.4099290780141844
100,1,8,0,152,1410,578,0.4099290780141844,0.4099290780141844
100,1,9,0,152,1410,588,0.41702127659574467,0.41702127659574467
100,2,1,48,203,1311,1106,0.8436308161708619,0.8138337012509198
100,2,2,33,203,1326,1064,0.8024132730015083,0.7829286239882266
100,2,3,15,203,1344,1052,0.7827380952380952,0.7740986019131715
100,2,4,11,203,1348,1028,0.7626112759643917,0.7564385577630611
100,2,5,10,203,1349,1018,0.7546330615270571,0.7490802060338484
100,2,6,10,203,1349,1027,0.7613046701260193,0.7557027225901398
100,2,7,10,203,1349,1025,0.759822090437361,0.7542310522442973
100,2,8,10,203,1349,1016,0.7531504818383988,0.7476085356880059
100,2,9,10,203,1349,1017,0.7538917716827279,0.7483443708609272
100,3,1,69,279,1214,1121,0.9233937397034596,0.8737334372564303
100,3,2,58,279,1225,1103,0.9004081632653061,0.8597038191738113
100,3,3,43,279,1240,1102,0.8887096774193548,0.8589243959469992
100,3,4,30,279,1253,1096,0.8747007182761373,0.8542478565861262
100,3,5,24,279,1259,1098,0.8721207307386815,0.8558067030397506
100,3,6,21,279,1262,1097,0.8692551505546752,0.8550272798129385
100,3,7,21,279,1262,1096,0.8684627575277337,0.8542478565861262
100,3,8,21,279,1262,1092,0.8652931854199684,0.8511301636788776
100,3,9,21,279,1262,1076,0.8526148969889065,0.838659392049883
100,4,1,72,340,1150,1093,0.9504347826086956,0.8944353518821604
100,4,2,60,340,1162,1088,0.9363166953528399,0.8903436988543372
100,4,3,48,340,1174,1087,0.9258943781942078,0.8895253682487725
100,4,4,37,340,1185,1091,0.920675105485232,0.8927986906710311
100,4,5,29,340,1193,1085,0.9094719195305951,0.8878887070376432
100,4,6,25,340,1197,1088,0.908939014202172,0.8903436988543372
100,4,7,21,340,1201,1088,0.9059117402164862,0.8903436988543372
100,4,8,20,340,1202,1084,0.9018302828618968,0.8870703764320785
100,4,9,20,340,1202,1086,0.9034941763727121,0.8887070376432079
100,5,1,70,405,1087,1045,0.9613615455381784,0.9031979256698358
100,5,2,58,405,1099,1044,0.9499545040946314,0.902333621434745
100,5,3,49,405,1108,1041,0.9395306859205776,0.8997407087294728
100,5,4,44,405,1113,1040,0.9344115004492363,0.898876404494382
100,5,5,36,405,1121,1044,0.9313113291703836,0.902333621434745
100,5,6,32,405,1125,1053,0.936,0.9101123595505618
100,5,7,28,405,1129,1052,0.9317980513728964,0.909248055315471
100,5,8,27,405,1130,1051,0.9300884955752212,0.9083837510803803
100,5,9,25,405,1132,1052,0.9293286219081273,0.909248055315471
100,6,1,71,459,1032,1003,0.9718992248062015,0.9093381686310064
100,6,2,59,459,1044,1007,0.9645593869731801,0.9129646418857661
100,6,3,50,459,1053,1010,0.9591642924976258,0.915684496826836
100,6,4,47,459,1056,1012,0.9583333333333334,0.9174977334542158
100,6,5,40,459,1063,1011,0.9510818438381938,0.9165911151405258
100,6,6,36,459,1067,1016,0.9522024367385192,0.9211242067089755
100,6,7,32,459,1071,1018,0.9505135387488328,0.9229374433363554
100,6,8,29,459,1074,1021,0.9506517690875232,0.9256572982774252
100,6,9,27,459,1076,1015,0.9433085501858736,0.9202175883952856
100,7,1,64,504,994,973,0.9788732394366197,0.9196597353497165
100,7,2,53,504,1005,982,0.9771144278606965,0.9281663516068053
100,7,3,46,504,1012,989,0.9772727272727273,0.9347826086956522
100,7,4,43,504,1015,987,0.9724137931034482,0.9328922495274102
100,7,5,36,504,1022,991,0.9696673189823874,0.9366729678638941
100,7,6,34,504,1024,995,0.9716796875,0.9404536862003781
100,7,7,33,504,1025,994,0.9697560975609756,0.9395085066162571
100,7,8,29,504,1029,996,0.967930029154519,0.941398865784499
100,7,9,26,504,1032,1000,0.9689922480620154,0.945179584120983
100,8,1,68,534,960,949,0.9885416666666667,0.9231517509727627
100,8,2,56,534,972,959,0.9866255144032922,0.9328793774319066
100,8,3,49,534,979,961,0.9816138917262512,0.9348249027237354
100,8,4,46,534,982,965,0.9826883910386965,0.938715953307393
100,8,5,40,534,988,970,0.9817813765182186,0.943579766536965
100,8,6,38,534,990,973,0.9828282828282828,0.9464980544747081
100,8,7,37,534,991,973,0.9818365287588294,0.9464980544747081
100,8,8,34,534,994,975,0.9808853118712274,0.9484435797665369
100,8,9,30,534,998,980,0.9819639278557114,0.953307392996109
100,9,1,64,574,924,916,0.9913419913419913,0.9271255060728745
100,9,2,53,574,935,926,0.9903743315508021,0.937246963562753
100,9,3,47,574,941,931,0.9893730074388948,0.9423076923076923
100,9,4,44,574,944,934,0.989406779661017,0.9453441295546559
100,9,5,39,574,949,939,0.9894625922023182,0.9504048582995951
100,9,6,37,574,951,940,0.9884332281808622,0.951417004048583
100,9,7,36,574,952,939,0.9863445378151261,0.9504048582995951
100,9,8,33,574,955,942,0.9863874345549738,0.9534412955465587
100,9,9,29,574,959,945,0.9854014598540146,0.9564777327935222
100,10,1,69,605,888,880,0.990990990990991,0.9195402298850575
100,10,2,59,605,898,892,0.9933184855233853,0.9320794148380356
100,10,3,53,605,904,896,0.9911504424778761,0.9362591431556949
100,10,4,50,605,907,898,0.9900771775082691,0.9383490073145245
100,10,5,45,605,912,903,0.9901315789473685,0.9435736677115988
100,10,6,43,605,914,904,0.9890590809628009,0.9446185997910136
100,10,7,42,605,915,903,0.9868852459016394,0.9435736677115988
100,10,8,39,605,918,907,0.9880174291938998,0.9477533960292581
100,10,9,36,605,921,909,0.9869706840390879,0.9498432601880877
200,1,1,28,152,1382,910,0.658465991316932,0.6453900709219859
200,1,2,9,152,1401,819,0.5845824411134903,0.5808510638297872
200,1,3,4,152,1406,755,0.5369843527738265,0.5354609929078015
200,1,4,1,152,1409,740,0.525195173882186,0.524822695035461
200,1,5,1,152,1409,764,0.5422285308729595,0.5418439716312057
200,1,6,1,152,1409,766,0.5436479772888574,0.5432624113475177
200,1,7,1,152,1409,768,0.5450674237047551,0.5446808510638298
200,1,8,1,152,1409,769,0.5457771469127041,0.5453900709219858
200,1,9,1,152,1409,756,0.5365507452093683,0.5361702127659574
200,2,1,55,203,1304,1164,0.8926380368098159,0.8565121412803532
200,2,2,38,203,1321,1130,0.8554125662376987,0.8314937454010302
200,2,3,19,203,1340,1106,0.8253731343283582,0.8138337012509198
200,2,4,12,203,1347,1089,0.8084632516703786,0.8013245033112583
200,2,5,11,203,1348,1079,0.8004451038575667,0.7939661515820456
200,2,6,11,203,1348,1090,0.8086053412462908,0.8020603384841796
200,2,7,11,203,1348,1079,0.8004451038575667,0.7939661515820456
200,2,8,11,203,1348,1074,0.7967359050445104,0.7902869757174393
200,2,9,11,203,1348,1065,0.7900593471810089,0.7836644591611479
200,3,1,75,279,1208,1127,0.9329470198675497,0.8784099766173032
200,3,2,62,279,1221,1119,0.9164619164619164,0.8721745908028059
200,3,3,46,279,1237,1106,0.8940986257073565,0.8620420888542478
200,3,4,33,279,1250,1106,0.8848,0.8620420888542478
200,3,5,24,279,1259,1108,0.8800635424940428,0.8636009353078722
200,3,6,21,279,1262,1111,0.8803486529318542,0.8659392049883087
200,3,7,21,279,1262,1110,0.8795562599049128,0.8651597817614964
200,3,8,21,279,1262,1102,0.873217115689382,0.8589243959469992
200,3,9,21,279,1262,1091,0.8645007923930269,0.8503507404520655
200,4,1,80,340,1142,1087,0.9518388791593695,0.8895253682487725
200,4,2,66,340,1156,1086,0.9394463667820069,0.8887070376432079
200,4,3,54,340,1168,1091,0.9340753424657534,0.8927986906710311
200,4,4,43,340,1179,1096,0.9296013570822731,0.8968903436988543
200,4,5,32,340,1190,1094,0.9193277310924369,0.8952536824877251
200,4,6,27,340,1195,1097,0.9179916317991632,0.897708674304419
200,4,7,23,340,1199,1099,0.9165971643035863,0.8993453355155483
200,4,8,22,340,1200,1096,0.9133333333333333,0.8968903436988543
200,4,9,22,340,1200,1096,0.9133333333333333,0.8968903436988543
200,5,1,79,405,1078,1036,0.961038961038961,0.8954191875540191
200,5,2,65,405,1092,1049,0.9606227106227107,0.9066551426101987
200,5,3,56,405,1101,1051,0.9545867393278837,0.9083837510803803
200,5,4,51,405,1106,1054,0.9529837251356239,0.9109766637856526
200,5,5,41,405,1116,1056,0.946236559139785,0.9127052722558341
200,5,6,37,405,1120,1058,0.9446428571428571,0.9144338807260155
200,5,7,31,405,1126,1062,0.9431616341030196,0.9178910976663786
200,5,8,30,405,1127,1061,0.9414374445430346,0.9170267934312878
200,5,9,28,405,1129,1061,0.9397697077059345,0.9170267934312878
200,6,1,84,459,1019,991,0.97252208047105,0.898458748866727
200,6,2,70,459,1033,1005,0.972894482090997,0.9111514052583862
200,6,3,61,459,1042,1012,0.9712092130518234,0.9174977334542158
200,6,4,58,459,1045,1010,0.9665071770334929,0.915684496826836
200,6,5,49,459,1054,1017,0.9648956356736242,0.9220308250226654
200,6,6,45,459,1058,1019,0.9631379962192816,0.9238440616500453
200,6,7,40,459,1063,1021,0.9604891815616181,0.9256572982774252
200,6,8,34,459,1069,1023,0.9569691300280636,0.927470534904805
200,6,9,32,459,1071,1023,0.9551820728291317,0.927470534904805
200,7,1,77,504,981,960,0.9785932721712538,0.9073724007561437
200,7,2,65,504,993,975,0.9818731117824774,0.9215500945179584
200,7,3,58,504,1000,982,0.982,0.9281663516068053
200,7,4,55,504,1003,979,0.9760717846460618,0.9253308128544423
200,7,5,46,504,1012,985,0.9733201581027668,0.9310018903591682
200,7,6,43,504,1015,988,0.9733990147783251,0.9338374291115312
200,7,7,41,504,1017,989,0.9724680432645034,0.9347826086956522
200,7,8,34,504,1024,995,0.9716796875,0.9404536862003781
200,7,9,30,504,1028,999,0.9717898832684825,0.944234404536862
200,8,1,79,534,949,939,0.9894625922023182,0.9134241245136187
200,8,2,66,534,962,951,0.9885654885654885,0.9250972762645915
200,8,3,59,534,969,953,0.9834881320949432,0.9270428015564203
200,8,4,56,534,972,956,0.9835390946502057,0.9299610894941635
200,8,5,48,534,980,964,0.9836734693877551,0.9377431906614786
200,8,6,45,534,983,967,0.9837232960325534,0.9406614785992218
200,8,7,43,534,985,968,0.9827411167512691,0.9416342412451362
200,8,8,37,534,991,973,0.9818365287588294,0.9464980544747081
200,8,9,32,534,996,979,0.9829317269076305,0.9523346303501945
200,9,1,75,574,913,906,0.9923329682365827,0.917004048582996
200,9,2,63,574,925,916,0.9902702702702703,0.9271255060728745
200,9,3,57,574,931,922,0.9903329752953813,0.9331983805668016
200,9,4,54,574,934,925,0.9903640256959315,0.9362348178137652
200,9,5,47,574,941,931,0.9893730074388948,0.9423076923076923
200,9,6,44,574,944,933,0.9883474576271186,0.944331983805668
200,9,7,42,574,946,933,0.9862579281183932,0.944331983805668
200,9,8,36,574,952,939,0.9863445378151261,0.9504048582995951
200,9,9,31,574,957,944,0.9864158829676071,0.9554655870445344
200,10,1,80,605,877,870,0.992018244013683,0.9090909090909091
200,10,2,69,605,888,882,0.9932432432432432,0.9216300940438872
200,10,3,63,605,894,886,0.9910514541387024,0.9258098223615465
200,10,4,60,605,897,888,0.9899665551839465,0.9278996865203761
200,10,5,53,605,904,895,0.9900442477876106,0.93521421107628
200,10,6,50,605,907,897,0.9889746416758545,0.9373040752351097
200,10,7,48,605,909,897,0.9867986798679867,0.9373040752351097
200,10,8,42,605,915,904,0.9879781420765027,0.9446185997910136
200,10,9,38,605,919,908,0.9880304678998912,0.9487983281086729
300,1,1,31,152,1379,992,0.719361856417694,0.7035460992907802
300,1,2,10,152,1400,918,0.6557142857142857,0.6510638297872341
300,1,3,5,152,1405,863,0.6142348754448399,0.6120567375886525
300,1,4,2,152,1408,840,0.5965909090909091,0.5957446808510638
300,1,5,2,152,1408,839,0.5958806818181818,0.5950354609929078
300,1,6,2,152,1408,850,0.6036931818181818,0.6028368794326241
300,1,7,2,152,1408,839,0.5958806818181818,0.5950354609929078
300,1,8,2,152,1408,822,0.5838068181818182,0.5829787234042553
300,1,9,2,152,1408,816,0.5795454545454546,0.5787234042553191
300,2,1,55,203,1304,1172,0.8987730061349694,0.8623988226637234
300,2,2,39,203,1320,1152,0.8727272727272727,0.847682119205298
300,2,3,20,203,1339,1132,0.8454070201643017,0.8329654157468727
300,2,4,13,203,1346,1113,0.8268945022288261,0.8189845474613686
300,2,5,12,203,1347,1103,0.8188567186340014,0.811626195732156
300,2,6,12,203,1347,1102,0.8181143281365999,0.8108903605592347
300,2,7,11,203,1348,1091,0.8093471810089021,0.8027961736571008
300,2,8,11,203,1348,1087,0.8063798219584569,0.7998528329654158
300,2,9,11,203,1348,1076,0.798219584569733,0.7917586460632818
300,3,1,72,279,1211,1134,0.9364161849710982,0.8838659392049883
300,3,2,60,279,1223,1126,0.9206868356500408,0.877630553390491
300,3,3,45,279,1238,1121,0.9054927302100162,0.8737334372564303
300,3,4,31,279,1252,1123,0.896964856230032,0.8752922837100545
300,3,5,24,279,1259,1126,0.8943606036536934,0.877630553390491
300,3,6,21,279,1262,1128,0.8938193343898574,0.8791893998441154
300,3,7,21,279,1262,1122,0.8890649762282092,0.8745128604832424
300,3,8,21,279,1262,1113,0.881933438985737,0.8674980514419329
300,3,9,21,279,1262,1102,0.873217115689382,0.8589243959469992
300,4,1,77,340,1145,1091,0.9528384279475982,0.8927986906710311
300,4,2,64,340,1158,1096,0.9464594127806563,0.8968903436988543
300,4,3,52,340,1170,1098,0.9384615384615385,0.8985270049099836
300,4,4,40,340,1182,1104,0.934010152284264,0.9034369885433715
300,4,5,31,340,1191,1106,0.9286314021830394,0.9050736497545008
300,4,6,26,340,1196,1112,0.9297658862876255,0.9099836333878887
300,4,7,22,340,1200,1111,0.9258333333333333,0.9091653027823241
300,4,8,21,340,1201,1106,0.9208992506244796,0.9050736497545008
300,4,9,21,340,1201,1106,0.9208992506244796,0.9050736497545008
300,5,1,75,405,1082,1046,0.966728280961183,0.9040622299049266
300,5,2,62,405,1095,1057,0.965296803652968,0.9135695764909249
300,5,3,53,405,1104,1058,0.9583333333333334,0.9144338807260155
300,5,4,46,405,1111,1061,0.954995499549955,0.9170267934312878
300,5,5,37,405,1120,1064,0.95,0.9196197061365601
300,5,6,33,405,1124,1064,0.9466192170818505,0.9196197061365601
300,5,7,28,405,1129,1070,0.9477413640389726,0.9248055315471045
300,5,8,27,405,1130,1066,0.9433628318584071,0.9213483146067416
300,5,9,25,405,1132,1066,0.941696113074205,0.9213483146067416
300,6,1,76,459,1027,1001,0.9746835443037974,0.9075249320036265
300,6,2,63,459,1040,1014,0.975,0.9193109700815957
300,6,3,54,459,1049,1023,0.9752144899904671,0.927470534904805
300,6,4,49,459,1054,1020,0.967741935483871,0.9247506799637353
300,6,5,41,459,1062,1028,0.967984934086629,0.9320036264732547
300,6,6,37,459,1066,1030,0.9662288930581614,0.9338168631006346
300,6,7,33,459,1070,1033,0.9654205607476636,0.9365367180417045
300,6,8,30,459,1073,1033,0.9627213420316869,0.9365367180417045
300,6,9,28,459,1075,1031,0.9590697674418605,0.9347234814143246
300,7,1,71,504,987,967,0.9797365754812564,0.9139886578449905
300,7,2,59,504,999,980,0.980980980980981,0.9262759924385633
300,7,3,52,504,1006,990,0.9840954274353877,0.9357277882797732
300,7,4,47,504,1011,990,0.9792284866468842,0.9357277882797732
300,7,5,39,504,1019,996,0.9774288518155054,0.941398865784499
300,7,6,36,504,1022,998,0.9765166340508806,0.943289224952741
300,7,7,35,504,1023,997,0.9745845552297165,0.94234404536862
300,7,8,31,504,1027,1000,0.9737098344693281,0.945179584120983
300,7,9,26,504,1032,1005,0.9738372093023255,0.9499054820415879
300,8,1,75,534,953,941,0.9874081846799581,0.9153696498054474
300,8,2,62,534,966,956,0.989648033126294,0.9299610894941635
300,8,3,55,534,973,959,0.9856115107913669,0.9328793774319066
300,8,4,50,534,978,963,0.9846625766871165,0.9367704280155642
300,8,5,43,534,985,971,0.9857868020304569,0.9445525291828794
300,8,6,40,534,988,974,0.9858299595141701,0.9474708171206225
300,8,7,39,534,989,973,0.9838220424671386,0.9464980544747081
300,8,8,36,534,992,975,0.9828629032258065,0.9484435797665369
300,8,9,30,534,998,982,0.9839679358717435,0.9552529182879378
300,9,1,73,574,915,907,0.9912568306010929,0.9180161943319838
300,9,2,61,574,927,918,0.9902912621359223,0.9291497975708503
300,9,3,55,574,933,924,0.9903536977491961,0.9352226720647774
300,9,4,50,574,938,930,0.9914712153518124,0.9412955465587044
300,9,5,44,574,944,935,0.9904661016949152,0.9463562753036437
300,9,6,41,574,947,938,0.9904963041182682,0.9493927125506073
300,9,7,40,574,948,937,0.9883966244725738,0.9483805668016194
300,9,8,37,574,951,939,0.9873817034700315,0.9504048582995951
300,9,9,31,574,957,945,0.987460815047022,0.9564777327935222
300,10,1,79,605,878,870,0.9908883826879271,0.9090909090909091
300,10,2,68,605,889,883,0.9932508436445444,0.922675026123302
300,10,3,62,605,895,888,0.9921787709497206,0.9278996865203761
300,10,4,58,605,899,892,0.9922135706340378,0.9320794148380356
300,10,5,52,605,905,898,0.9922651933701657,0.9383490073145245
300,10,6,49,605,908,900,0.9911894273127754,0.9404388714733543
300,10,7,48,605,909,899,0.988998899889989,0.9393939393939394
300,10,8,45,605,912,901,0.9879385964912281,0.9414838035527691
300,10,9,40,605,917,906,0.9880043620501636,0.9467084639498433
400,1,1,36,152,1374,1069,0.7780203784570596,0.7581560283687944
400,1,2,15,152,1395,990,0.7096774193548387,0.7021276595744681
400,1,3,9,152,1401,923,0.6588151320485368,0.6546099290780142
400,1,4,6,152,1404,903,0.6431623931623932,0.6404255319148936
400,1,5,6,152,1404,903,0.6431623931623932,0.6404255319148936
400,1,6,6,152,1404,903,0.6431623931623932,0.6404255319148936
400,1,7,3,152,1407,886,0.6297085998578535,0.6283687943262412
400,1,8,3,152,1407,871,0.6190476190476191,0.6177304964539007
400,1,9,3,152,1407,868,0.6169154228855721,0.6156028368794326
400,2,1,61,203,1298,1172,0.9029275808936826,0.8623988226637234
400,2,2,44,203,1315,1152,0.8760456273764259,0.847682119205298
400,2,3,24,203,1335,1132,0.847940074906367,0.8329654157468727
400,2,4,15,203,1344,1120,0.8333333333333334,0.8241353936718175
400,2,5,14,203,1345,1108,0.8237918215613383,0.8153053715967623
400,2,6,13,203,1346,1113,0.8268945022288261,0.8189845474613686
400,2,7,12,203,1347,1097,0.8144023756495917,0.8072111846946284
400,2,8,12,203,1347,1088,0.807720861172977,0.8005886681383371
400,2,9,12,203,1347,1078,0.8002969561989607,0.7932303164091243
400,3,1,82,279,1201,1122,0.9342214820982515,0.8745128604832424
400,3,2,69,279,1214,1120,0.9225700164744646,0.872954014029618
400,3,3,52,279,1231,1113,0.9041429731925265,0.8674980514419329
400,3,4,36,279,1247,1119,0.8973536487570168,0.8721745908028059
400,3,5,25,279,1258,1122,0.8918918918918919,0.8745128604832424
400,3,6,22,279,1261,1124,0.8913560666137986,0.8760717069368668
400,3,7,22,279,1261,1120,0.8881839809674861,0.872954014029618
400,3,8,22,279,1261,1112,0.8818398096748612,0.8667186282151208
400,3,9,22,279,1261,1101,0.873116574147502,0.8581449727201871
400,4,1,87,340,1135,1082,0.9533039647577093,0.8854337152209493
400,4,2,73,340,1149,1086,0.9451697127937336,0.8887070376432079
400,4,3,60,340,1162,1092,0.9397590361445783,0.8936170212765957
400,4,4,46,340,1176,1104,0.9387755102040817,0.9034369885433715
400,4,5,33,340,1189,1107,0.9310344827586207,0.9058919803600655
400,4,6,27,340,1195,1113,0.9313807531380753,0.9108019639934534
400,4,7,23,340,1199,1114,0.9291075896580484,0.911620294599018
400,4,8,22,340,1200,1110,0.925,0.9083469721767594
400,4,9,22,340,1200,1107,0.9225,0.9058919803600655
400,5,1,88,405,1069,1033,0.9663236669784846,0.8928262748487468
400,5,2,74,405,1083,1047,0.9667590027700831,0.9049265341400173
400,5,3,64,405,1093,1052,0.9624885635864593,0.909248055315471
400,5,4,56,405,1101,1059,0.9618528610354223,0.9152981849611063
400,5,5,44,405,1113,1066,0.9577717879604672,0.9213483146067416
400,5,6,39,405,1118,1067,0.9543828264758497,0.9222126188418324
400,5,7,31,405,1126,1071,0.9511545293072824,0.9256698357821953
400,5,8,30,405,1127,1068,0.9476486246672582,0.9230769230769231
400,5,9,28,405,1129,1067,0.9450841452612931,0.9222126188418324
400,6,1,93,459,1010,987,0.9772277227722772,0.8948322756119673
400,6,2,79,459,1024,1004,0.98046875,0.9102447869446962
400,6,3,69,459,1034,1013,0.9796905222437138,0.9184043517679057
400,6,4,63,459,1040,1014,0.975,0.9193109700815957
400,6,5,52,459,1051,1022,0.972407231208373,0.9265639165911151
400,6,6,47,459,1056,1024,0.9696969696969697,0.928377153218495
400,6,7,40,459,1063,1028,0.967074317968015,0.9320036264732547
400,6,8,34,459,1069,1028,0.961646398503274,0.9320036264732547
400,6,9,32,459,1071,1028,0.9598506069094305,0.9320036264732547
400,7,1,87,504,971,956,0.984552008238929,0.9035916824196597
400,7,2,75,504,983,970,0.9867751780264497,0.9168241965973535
400,7,3,67,504,991,976,0.9848637739656912,0.9224952741020794
400,7,4,62,504,996,977,0.9809236947791165,0.9234404536862004
400,7,5,51,504,1007,986,0.9791459781529295,0.9319470699432892
400,7,6,47,504,1011,988,0.9772502472799208,0.9338374291115312
400,7,7,43,504,1015,989,0.9743842364532019,0.9347826086956522
400,7,8,36,504,1022,994,0.9726027397260274,0.9395085066162571
400,7,9,31,504,1027,999,0.9727361246348588,0.944234404536862
400,8,1,89,534,939,932,0.9925452609158679,0.9066147859922179
400,8,2,76,534,952,944,0.9915966386554622,0.9182879377431906
400,8,3,68,534,960,947,0.9864583333333333,0.9212062256809338
400,8,4,64,534,964,951,0.9865145228215768,0.9250972762645915
400,8,5,54,534,974,961,0.9866529774127311,0.9348249027237354
400,8,6,51,534,977,963,0.9856704196519959,0.9367704280155642
400,8,7,47,534,981,965,0.9836901121304791,0.938715953307393
400,8,8,41,534,987,969,0.9817629179331308,0.9426070038910506
400,8,9,35,534,993,976,0.9828801611278952,0.9494163424124513
400,9,1,86,574,902,896,0.9933481152993349,0.9068825910931174
400,9,2,74,574,914,907,0.9923413566739606,0.9180161943319838
400,9,3,67,574,921,914,0.992399565689468,0.9251012145748988
400,9,4,63,574,925,918,0.9924324324324324,0.9291497975708503
400,9,5,54,574,934,926,0.9914346895074947,0.937246963562753
400,9,6,51,574,937,928,0.9903948772678762,0.9392712550607287
400,9,7,47,574,941,930,0.9883103081827843,0.9412955465587044
400,9,8,41,574,947,935,0.9873284054910243,0.9463562753036437
400,9,9,35,574,953,941,0.9874081846799581,0.9524291497975709
400,10,1,92,605,865,859,0.9930635838150289,0.8975966562173459
400,10,2,81,605,876,871,0.9942922374429224,0.910135841170324
400,10,3,74,605,883,877,0.9932049830124575,0.9164054336468129
400,10,4,71,605,886,879,0.9920993227990971,0.9184952978056427
400,10,5,62,605,895,888,0.9921787709497206,0.9278996865203761
400,10,6,59,605,898,890,0.9910913140311804,0.9299895506792059
400,10,7,55,605,902,892,0.9889135254988913,0.9320794148380356
400,10,8,49,605,908,897,0.987885462555066,0.9373040752351097
400,10,9,44,605,913,902,0.9879518072289156,0.9425287356321839
500,1,1,45,152,1365,1099,0.8051282051282052,0.7794326241134751
500,1,2,17,152,1393,1034,0.7422828427853554,0.7333333333333333
500,1,3,10,152,1400,965,0.6892857142857143,0.6843971631205674
500,1,4,6,152,1404,941,0.6702279202279202,0.6673758865248227
500,1,5,6,152,1404,930,0.6623931623931624,0.6595744680851063
500,1,6,6,152,1404,927,0.6602564102564102,0.6574468085106383
500,1,7,3,152,1407,921,0.6545842217484008,0.6531914893617021
500,1,8,3,152,1407,901,0.6403695806680881,0.6390070921985815
500,1,9,3,152,1407,879,0.6247334754797441,0.6234042553191489
500,2,1,68,203,1291,1173,0.9085979860573199,0.8631346578366446
500,2,2,45,203,1314,1158,0.8812785388127854,0.8520971302428256
500,2,3,24,203,1335,1148,0.8599250936329588,0.8447387785136129
500,2,4,16,203,1343,1130,0.8413998510796724,0.8314937454010302
500,2,5,15,203,1344,1117,0.8311011904761905,0.8219278881530537
500,2,6,14,203,1345,1119,0.8319702602230483,0.8233995584988962
500,2,7,14,203,1345,1105,0.8215613382899628,0.8130978660779985
500,2,8,14,203,1345,1094,0.8133828996282528,0.8050036791758646
500,2,9,14,203,1345,1081,0.803717472118959,0.7954378219278881
500,3,1,89,279,1194,1123,0.940536013400335,0.8752922837100545
500,3,2,68,279,1215,1130,0.9300411522633745,0.8807482462977396
500,3,3,51,279,1232,1120,0.9090909090909091,0.872954014029618
500,3,4,36,279,1247,1124,0.9013632718524459,0.8760717069368668
500,3,5,27,279,1256,1122,0.893312101910828,0.8745128604832424
500,3,6,24,279,1259,1121,0.8903891977760127,0.8737334372564303
500,3,7,24,279,1259,1124,0.8927720413026211,0.8760717069368668
500,3,8,23,279,1260,1113,0.8833333333333333,0.8674980514419329
500,3,9,23,279,1260,1101,0.8738095238095238,0.8581449727201871
500,4,1,93,340,1129,1083,0.9592559787422498,0.886252045826514
500,4,2,72,340,1150,1096,0.9530434782608695,0.8968903436988543
500,4,3,59,340,1163,1096,0.942390369733448,0.8968903436988543
500,4,4,46,340,1176,1103,0.9379251700680272,0.9026186579378068
500,4,5,34,340,1188,1107,0.9318181818181818,0.9058919803600655
500,4,6,29,340,1193,1110,0.9304274937133278,0.9083469721767594
500,4,7,25,340,1197,1111,0.9281537176274018,0.9091653027823241
500,4,8,23,340,1199,1110,0.9257714762301918,0.9083469721767594
500,4,9,23,340,1199,1107,0.9232693911592994,0.9058919803600655
500,5,1,89,405,1068,1037,0.9709737827715356,0.8962834917891098
500,5,2,68,405,1089,1057,0.970615243342516,0.9135695764909249
500,5,3,58,405,1099,1059,0.9636032757051866,0.9152981849611063
500,5,4,51,405,1106,1063,0.961121157323689,0.9187554019014693
500,5,5,39,405,1118,1068,0.9552772808586762,0.9230769230769231
500,5,6,35,405,1122,1069,0.9527629233511586,0.9239412273120138
500,5,7,29,405,1128,1071,0.949468085106383,0.9256698357821953
500,5,8,27,405,1130,1069,0.9460176991150443,0.9239412273120138
500,5,9,25,405,1132,1066,0.941696113074205,0.9213483146067416
500,6,1,90,459,1013,993,0.9802566633761106,0.900271985494107
500,6,2,69,459,1034,1015,0.9816247582205029,0.9202175883952856
500,6,3,59,459,1044,1022,0.9789272030651341,0.9265639165911151
500,6,4,54,459,1049,1022,0.9742612011439467,0.9265639165911151
500,6,5,43,459,1060,1030,0.9716981132075472,0.9338168631006346
500,6,6,39,459,1064,1031,0.9689849624060151,0.9347234814143246
500,6,7,34,459,1069,1033,0.9663236669784846,0.9365367180417045
500,6,8,31,459,1072,1030,0.960820895522388,0.9338168631006346
500,6,9,29,459,1074,1028,0.957169459962756,0.9320036264732547
500,7,1,84,504,974,957,0.9825462012320328,0.9045368620037807
500,7,2,65,504,993,977,0.9838872104733132,0.9234404536862004
500,7,3,57,504,1001,984,0.983016983016983,0.9300567107750473
500,7,4,53,504,1005,983,0.9781094527363184,0.9291115311909263
500,7,5,43,504,1015,991,0.9763546798029556,0.9366729678638941
500,7,6,40,504,1018,992,0.9744597249508841,0.9376181474480151
500,7,7,39,504,1019,991,0.97252208047105,0.9366729678638941
500,7,8,35,504,1023,993,0.9706744868035191,0.9385633270321361
500,7,9,31,504,1027,997,0.9707887049659202,0.94234404536862
500,8,1,89,534,939,929,0.9893503727369543,0.9036964980544747
500,8,2,71,534,957,947,0.9895506792058516,0.9212062256809338
500,8,3,63,534,965,950,0.9844559585492227,0.9241245136186771
500,8,4,59,534,969,954,0.9845201238390093,0.9280155642023347
500,8,5,50,534,978,963,0.9846625766871165,0.9367704280155642
500,8,6,46,534,982,966,0.9837067209775967,0.9396887159533074
500,8,7,45,534,983,965,0.9816887080366226,0.938715953307393
500,8,8,42,534,986,966,0.9797160243407708,0.9396887159533074
500,8,9,37,534,991,972,0.9808274470232089,0.9455252918287937
500,9,1,89,574,899,892,0.9922135706340378,0.902834008097166
500,9,2,72,574,916,908,0.9912663755458515,0.9190283400809717
500,9,3,65,574,923,915,0.991332611050921,0.9261133603238867
500,9,4,61,574,927,920,0.9924487594390508,0.9311740890688259
500,9,5,54,574,934,926,0.9914346895074947,0.937246963562753
500,9,6,51,574,937,928,0.9903948772678762,0.9392712550607287
500,9,7,50,574,938,927,0.988272921108742,0.9382591093117408
500,9,8,47,574,941,929,0.9872476089266737,0.9402834008097166
500,9,9,42,574,946,934,0.9873150105708245,0.9453441295546559
500,10,1,95,605,862,855,0.9918793503480279,0.8934169278996865
500,10,2,82,605,875,870,0.9942857142857143,0.9090909090909091
500,10,3,75,605,882,876,0.9931972789115646,0.9153605015673981
500,10,4,71,605,886,879,0.9920993227990971,0.9184952978056427
500,10,5,64,605,893,886,0.9921612541993281,0.9258098223615465
500,10,6,61,605,896,888,0.9910714285714286,0.9278996865203761
500,10,7,60,605,897,887,0.9888517279821628,0.9268547544409613
500,10,8,57,605,900,889,0.9877777777777778,0.928944618599791
500,10,9,53,605,904,893,0.9878318584070797,0.9331243469174504
600,1,1,35,152,1375,1128,0.8203636363636364,0.8
600,1,2,16,152,1394,1068,0.7661406025824964,0.7574468085106383
600,1,3,10,152,1400,998,0.7128571428571429,0.7078014184397163
600,1,4,7,152,1403,968,0.6899501069137562,0.6865248226950355
600,1,5,7,152,1403,956,0.6813970064148254,0.6780141843971631
600,1,6,7,152,1403,953,0.6792587312900926,0.6758865248226951
600,1,7,4,152,1406,939,0.6678520625889047,0.6659574468085107
600,1,8,4,152,1406,915,0.6507823613086771,0.648936170212766
600,1,9,4,152,1406,897,0.6379800853485064,0.6361702127659574
600,2,1,59,203,1300,1183,0.91,0.8704930095658573
600,2,2,42,203,1317,1170,0.8883826879271071,0.8609271523178808
600,2,3,23,203,1336,1161,0.8690119760479041,0.8543046357615894
600,2,4,15,203,1344,1140,0.8482142857142857,0.8388520971302428
600,2,5,14,203,1345,1130,0.8401486988847584,0.8314937454010302
600,2,6,13,203,1346,1131,0.8402674591381872,0.8322295805739515
600,2,7,12,203,1347,1114,0.8270230141054195,0.8197203826342899
600,2,8,12,203,1347,1098,0.8151447661469933,0.8079470198675497
600,2,9,12,203,1347,1084,0.8047512991833704,0.797645327446652
600,3,1,82,279,1201,1129,0.9400499583680266,0.8799688230709275
600,3,2,69,279,1214,1132,0.9324546952224053,0.882307092751364
600,3,3,52,279,1231,1122,0.9114541023558083,0.8745128604832424
600,3,4,37,279,1246,1125,0.9028892455858748,0.8768511301636789
600,3,5,26,279,1257,1128,0.8973747016706444,0.8791893998441154
600,3,6,23,279,1260,1129,0.8960317460317461,0.8799688230709275
600,3,7,23,279,1260,1127,0.8944444444444445,0.8784099766173032
600,3,8,23,279,1260,1116,0.8857142857142857,0.8698363211223694
600,3,9,23,279,1260,1104,0.8761904761904762,0.8604832424006236
600,4,1,89,340,1133,1085,0.9576345984112974,0.8878887070376432
600,4,2,74,340,1148,1094,0.9529616724738676,0.8952536824877251
600,4,3,62,340,1160,1094,0.9431034482758621,0.8952536824877251
600,4,4,49,340,1173,1105,0.9420289855072463,0.9042553191489362
600,4,5,35,340,1187,1113,0.9376579612468408,0.9108019639934534
600,4,6,28,340,1194,1115,0.9338358458961474,0.9124386252045826
600,4,7,24,340,1198,1117,0.9323873121869783,0.9140752864157119
600,4,8,23,340,1199,1112,0.9274395329441201,0.9099836333878887
600,4,9,23,340,1199,1109,0.9249374478732277,0.9075286415711947
600,5,1,89,405,1068,1034,0.9681647940074907,0.8936905790838375
600,5,2,74,405,1083,1052,0.971375807940905,0.909248055315471
600,5,3,65,405,1092,1057,0.967948717948718,0.9135695764909249
600,5,4,57,405,1100,1063,0.9663636363636363,0.9187554019014693
600,5,5,44,405,1113,1067,0.958670260557053,0.9222126188418324
600,5,6,38,405,1119,1070,0.9562109025915997,0.9248055315471045
600,5,7,32,405,1125,1073,0.9537777777777777,0.9273984442523768
600,5,8,31,405,1126,1069,0.9493783303730018,0.9239412273120138
600,5,9,29,405,1128,1066,0.9450354609929078,0.9213483146067416
600,6,1,96,459,1007,985,0.9781529294935452,0.8930190389845875
600,6,2,81,459,1022,1002,0.9804305283757339,0.9084315503173164
600,6,3,72,459,1031,1010,0.979631425800194,0.915684496826836
600,6,4,66,459,1037,1011,0.9749276759884281,0.9165911151405258
600,6,5,54,459,1049,1020,0.9723546234509056,0.9247506799637353
600,6,6,48,459,1055,1023,0.9696682464454977,0.927470534904805
600,6,7,43,459,1060,1026,0.9679245283018868,0.9301903898458749
600,6,8,35,459,1068,1028,0.9625468164794008,0.9320036264732547
600,6,9,33,459,1070,1028,0.9607476635514018,0.9320036264732547
600,7,1,93,504,965,949,0.983419689119171,0.8969754253308129
600,7,2,80,504,978,964,0.9856850715746421,0.9111531190926276
600,7,3,73,504,985,971,0.9857868020304569,0.9177693761814745
600,7,4,68,504,990,972,0.9818181818181818,0.9187145557655955
600,7,5,56,504,1002,981,0.9790419161676647,0.9272211720226843
600,7,6,51,504,1007,984,0.9771598808341608,0.9300567107750473
600,7,7,49,504,1009,984,0.9752229930624381,0.9300567107750473
600,7,8,40,504,1018,991,0.9734774066797642,0.9366729678638941
600,7,9,33,504,1025,998,0.9736585365853658,0.943289224952741
600,8,1,96,534,932,923,0.990343347639485,0.8978599221789884
600,8,2,83,534,945,937,0.9915343915343915,0.9114785992217899
600,8,3,76,534,952,940,0.9873949579831933,0.914396887159533
600,8,4,71,534,957,944,0.9864158829676071,0.9182879377431906
600,8,5,60,534,968,955,0.9865702479338843,0.9289883268482491
600,8,6,55,534,973,960,0.986639260020555,0.933852140077821
600,8,7,53,534,975,960,0.9846153846153847,0.933852140077821
600,8,8,45,534,983,966,0.982706002034588,0.9396887159533074
600,8,9,37,534,991,975,0.9838546922300706,0.9484435797665369
600,9,1,93,574,895,889,0.9932960893854749,0.8997975708502024
600,9,2,81,574,907,900,0.9922822491730982,0.9109311740890689
600,9,3,75,574,913,905,0.9912376779846659,0.9159919028340081
600,9,4,70,574,918,911,0.9923747276688453,0.9220647773279352
600,9,5,60,574,928,920,0.9913793103448276,0.9311740890688259
600,9,6,55,574,933,924,0.9903536977491961,0.9352226720647774
600,9,7,53,574,935,924,0.9882352941176471,0.9352226720647774
600,9,8,46,574,942,930,0.9872611464968153,0.9412955465587044
600,9,9,38,574,950,938,0.9873684210526316,0.9493927125506073
600,10,1,97,605,860,854,0.9930232558139535,0.8923719958202717
600,10,2,86,605,871,866,0.9942594718714122,0.9049111807732497
600,10,3,80,605,877,871,0.9931584948688712,0.910135841170324
600,10,4,76,605,881,874,0.9920544835414302,0.9132706374085684
600,10,5,66,605,891,884,0.9921436588103255,0.9237199582027168
600,10,6,61,605,896,888,0.9910714285714286,0.9278996865203761
600,10,7,59,605,898,888,0.9888641425389755,0.9278996865203761
600,10,8,52,605,905,894,0.9878453038674033,0.9341692789968652
600,10,9,45,605,912,901,0.9879385964912281,0.9414838035527691
700,1,1,55,152,1355,1128,0.8324723247232473,0.8
700,1,2,24,152,1386,1069,0.7712842712842712,0.7581560283687944
700,1,3,9,152,1401,1012,0.7223411848679515,0.7177304964539007
700,1,4,6,152,1404,970,0.6908831908831908,0.6879432624113475
700,1,5,6,152,1404,968,0.6894586894586895,0.6865248226950355
700,1,6,6,152,1404,969,0.6901709401709402,0.6872340425531915
700,1,7,3,152,1407,959,0.681592039800995,0.6801418439716312
700,1,8,3,152,1407,943,0.6702203269367448,0.6687943262411348
700,1,9,3,152,1407,924,0.6567164179104478,0.6553191489361702
700,2,1,75,203,1284,1175,0.9151090342679128,0.8646063281824872
700,2,2,48,203,1311,1174,0.8954996186117468,0.8638704930095659
700,2,3,21,203,1338,1168,0.8729446935724963,0.8594554819720382
700,2,4,14,203,1345,1141,0.8483271375464684,0.8395879323031641
700,2,5,13,203,1346,1132,0.8410104011887073,0.8329654157468727
700,2,6,12,203,1347,1126,0.835931700074239,0.8285504047093452
700,2,7,12,203,1347,1114,0.8270230141054195,0.8197203826342899
700,2,8,12,203,1347,1100,0.8166295471417966,0.8094186902133922
700,2,9,12,203,1347,1089,0.8084632516703786,0.8013245033112583
700,3,1,99,279,1184,1117,0.9434121621621622,0.8706157443491817
700,3,2,77,279,1206,1129,0.9361525704809287,0.8799688230709275
700,3,3,53,279,1230,1122,0.9121951219512195,0.8745128604832424
700,3,4,39,279,1244,1123,0.9027331189710611,0.8752922837100545
700,3,5,26,279,1257,1129,0.898170246618934,0.8799688230709275
700,3,6,23,279,1260,1126,0.8936507936507937,0.877630553390491
700,3,7,23,279,1260,1124,0.8920634920634921,0.8760717069368668
700,3,8,23,279,1260,1112,0.8825396825396825,0.8667186282151208
700,3,9,23,279,1260,1101,0.8738095238095238,0.8581449727201871
700,4,1,104,340,1118,1076,0.962432915921288,0.8805237315875614
700,4,2,81,340,1141,1091,0.9561787905346187,0.8927986906710311
700,4,3,61,340,1161,1099,0.9465977605512489,0.8993453355155483
700,4,4,49,340,1173,1107,0.9437340153452686,0.9058919803600655
700,4,5,34,340,1188,1113,0.9368686868686869,0.9108019639934534
700,4,6,27,340,1195,1117,0.9347280334728033,0.9140752864157119
700,4,7,23,340,1199,1118,0.932443703085905,0.9148936170212766
700,4,8,22,340,1200,1113,0.9275,0.9108019639934534
700,4,9,22,340,1200,1108,0.9233333333333333,0.9067103109656302
700,5,1,102,405,1055,1028,0.9744075829383886,0.888504753673293
700,5,2,79,405,1078,1052,0.9758812615955473,0.909248055315471
700,5,3,62,405,1095,1061,0.9689497716894977,0.9170267934312878
700,5,4,56,405,1101,1066,0.9682107175295186,0.9213483146067416
700,5,5,42,405,1115,1073,0.9623318385650225,0.9273984442523768
700,5,6,36,405,1121,1074,0.9580731489741302,0.9282627484874676
700,5,7,31,405,1126,1075,0.9547069271758437,0.9291270527225584
700,5,8,30,405,1127,1072,0.9511978704525288,0.9265341400172861
700,5,9,28,405,1129,1069,0.9468556244464128,0.9239412273120138
700,6,1,110,459,993,975,0.9818731117824774,0.8839528558476881
700,6,2,87,459,1016,1000,0.984251968503937,0.9066183136899365
700,6,3,71,459,1032,1013,0.9815891472868217,0.9184043517679057
700,6,4,67,459,1036,1012,0.9768339768339769,0.9174977334542158
700,6,5,54,459,1049,1021,0.9733079122974261,0.9256572982774252
700,6,6,48,459,1055,1024,0.9706161137440759,0.928377153218495
700,6,7,44,459,1059,1025,0.9678942398489141,0.929283771532185
700,6,8,36,459,1067,1027,0.9625117150890347,0.9310970081595649
700,6,9,34,459,1069,1025,0.9588400374181478,0.929283771532185
700,7,1,108,504,950,938,0.9873684210526316,0.8865784499054821
700,7,2,88,504,970,960,0.9896907216494846,0.9073724007561437
700,7,3,73,504,985,972,0.9868020304568528,0.9187145557655955
700,7,4,70,504,988,971,0.9827935222672065,0.9177693761814745
700,7,5,57,504,1001,981,0.98001998001998,0.9272211720226843
700,7,6,52,504,1006,984,0.9781312127236581,0.9300567107750473
700,7,7,51,504,1007,982,0.9751737835153923,0.9281663516068053
700,7,8,42,504,1016,989,0.9734251968503937,0.9347826086956522
700,7,9,34,504,1024,997,0.9736328125,0.94234404536862
700,8,1,112,534,916,909,0.99235807860262,0.8842412451361867
700,8,2,92,534,936,929,0.9925213675213675,0.9036964980544747
700,8,3,78,534,950,939,0.988421052631579,0.9134241245136187
700,8,4,75,534,953,941,0.9874081846799581,0.9153696498054474
700,8,5,63,534,965,953,0.9875647668393782,0.9270428015564203
700,8,6,58,534,970,957,0.98659793814433,0.9309338521400778
700,8,7,57,534,971,956,0.984552008238929,0.9299610894941635
700,8,8,49,534,979,962,0.982635342185904,0.9357976653696498
700,8,9,40,534,988,972,0.9838056680161943,0.9455252918287937
700,9,1,112,574,876,871,0.9942922374429224,0.881578947368421
700,9,2,93,574,895,889,0.9932960893854749,0.8997975708502024
700,9,3,80,574,908,901,0.9922907488986784,0.9119433198380567
700,9,4,77,574,911,904,0.9923161361141603,0.9149797570850202
700,9,5,66,574,922,914,0.9913232104121475,0.9251012145748988
700,9,6,61,574,927,918,0.9902912621359223,0.9291497975708503
700,9,7,60,574,928,917,0.9881465517241379,0.9281376518218624
700,9,8,53,574,935,923,0.9871657754010695,0.9342105263157895
700,9,9,45,574,943,931,0.9872746553552492,0.9423076923076923
700,10,1,118,605,839,835,0.9952324195470799,0.8725182863113897
700,10,2,100,605,857,853,0.9953325554259043,0.8913270637408568
700,10,3,88,605,869,864,0.9942462600690449,0.9028213166144201
700,10,4,85,605,872,866,0.9931192660550459,0.9049111807732497
700,10,5,74,605,883,877,0.9932049830124575,0.9164054336468129
700,10,6,69,605,888,881,0.9921171171171171,0.9205851619644723
700,10,7,68,605,889,880,0.9898762654668166,0.9195402298850575
700,10,8,61,605,896,886,0.9888392857142857,0.9258098223615465
700,10,9,53,605,904,894,0.9889380530973452,0.9341692789968652
800,1,1,41,152,1369,1163,0.8495252008765523,0.824822695035461
800,1,2,19,152,1391,1089,0.7828900071890726,0.7723404255319148
800,1,3,9,152,1401,1019,0.7273376159885796,0.7226950354609929
800,1,4,6,152,1404,994,0.707977207977208,0.7049645390070922
800,1,5,6,152,1404,982,0.6994301994301995,0.6964539007092199
800,1,6,6,152,1404,971,0.6915954415954416,0.6886524822695036
800,1,7,3,152,1407,971,0.6901208244491827,0.6886524822695036
800,1,8,3,152,1407,954,0.6780383795309168,0.676595744680851
800,1,9,3,152,1407,927,0.6588486140724946,0.6574468085106383
800,2,1,68,203,1291,1187,0.919442292796282,0.8734363502575423
800,2,2,48,203,1311,1174,0.8954996186117468,0.8638704930095659
800,2,3,25,203,1334,1167,0.8748125937031485,0.8587196467991169
800,2,4,15,203,1344,1142,0.8497023809523809,0.8403237674760854
800,2,5,14,203,1345,1133,0.8423791821561338,0.833701250919794
800,2,6,13,203,1346,1130,0.8395245170876672,0.8314937454010302
800,2,7,12,203,1347,1116,0.8285077951002228,0.8211920529801324
800,2,8,12,203,1347,1100,0.8166295471417966,0.8094186902133922
800,2,9,12,203,1347,1085,0.8054936896807721,0.7983811626195733
800,3,1,94,279,1189,1123,0.9444911690496215,0.8752922837100545
800,3,2,80,279,1203,1127,0.9368246051537822,0.8784099766173032
800,3,3,60,279,1223,1117,0.9133278822567457,0.8706157443491817
800,3,4,43,279,1240,1122,0.9048387096774193,0.8745128604832424
800,3,5,28,279,1255,1130,0.900398406374502,0.8807482462977396
800,3,6,25,279,1258,1129,0.8974562798092209,0.8799688230709275
800,3,7,24,279,1259,1132,0.8991262907069102,0.882307092751364
800,3,8,24,279,1259,1119,0.8888006354249405,0.8721745908028059
800,3,9,24,279,1259,1107,0.8792692613185068,0.8628215120810601
800,4,1,101,340,1121,1079,0.9625334522747547,0.8829787234042553
800,4,2,85,340,1137,1085,0.9542656112576957,0.8878887070376432
800,4,3,69,340,1153,1089,0.9444926279271466,0.8911620294599017
800,4,4,54,340,1168,1103,0.9443493150684932,0.9026186579378068
800,4,5,37,340,1185,1113,0.9392405063291139,0.9108019639934534
800,4,6,28,340,1194,1120,0.9380234505862647,0.9165302782324058
800,4,7,23,340,1199,1122,0.9357798165137615,0.9181669394435352
800,4,8,22,340,1200,1117,0.9308333333333333,0.9140752864157119
800,4,9,22,340,1200,1114,0.9283333333333333,0.911620294599018
800,5,1,101,405,1056,1029,0.9744318181818182,0.8893690579083837
800,5,2,85,405,1072,1044,0.9738805970149254,0.902333621434745
800,5,3,72,405,1085,1050,0.967741935483871,0.9075194468452895
800,5,4,63,405,1094,1056,0.9652650822669104,0.9127052722558341
800,5,5,47,405,1110,1065,0.9594594594594594,0.9204840103716508
800,5,6,39,405,1118,1068,0.9552772808586762,0.9230769230769231
800,5,7,31,405,1126,1073,0.9529307282415631,0.9273984442523768
800,5,8,30,405,1127,1070,0.9494232475598935,0.9248055315471045
800,5,9,28,405,1129,1069,0.9468556244464128,0.9239412273120138
800,6,1,109,459,994,976,0.9818913480885312,0.8848594741613781
800,6,2,93,459,1010,994,0.9841584158415841,0.9011786038077969
800,6,3,80,459,1023,1002,0.9794721407624634,0.9084315503173164
800,6,4,73,459,1030,1005,0.9757281553398058,0.9111514052583862
800,6,5,59,459,1044,1015,0.9722222222222222,0.9202175883952856
800,6,6,51,459,1052,1020,0.9695817490494296,0.9247506799637353
800,6,7,44,459,1059,1024,0.9669499527856469,0.928377153218495
800,6,8,35,459,1068,1027,0.9616104868913857,0.9310970081595649
800,6,9,33,459,1070,1027,0.9598130841121495,0.9310970081595649
800,7,1,107,504,951,939,0.9873817034700315,0.8875236294896031
800,7,2,93,504,965,955,0.9896373056994818,0.9026465028355387
800,7,3,81,504,977,963,0.9856704196519959,0.9102079395085066
800,7,4,75,504,983,964,0.9806714140386572,0.9111531190926276
800,7,5,61,504,997,975,0.9779338014042126,0.9215500945179584
800,7,6,54,504,1004,980,0.9760956175298805,0.9262759924385633
800,7,7,50,504,1008,982,0.9742063492063492,0.9281663516068053
800,7,8,40,504,1018,990,0.9724950884086444,0.9357277882797732
800,7,9,32,504,1026,998,0.9727095516569201,0.943289224952741
800,8,1,107,534,921,914,0.992399565689468,0.8891050583657587
800,8,2,93,534,935,927,0.9914438502673797,0.9017509727626459
800,8,3,82,534,946,933,0.9862579281183932,0.9075875486381323
800,8,4,77,534,951,937,0.9852786540483701,0.9114785992217899
800,8,5,64,534,964,950,0.9854771784232366,0.9241245136186771
800,8,6,58,534,970,956,0.9855670103092784,0.9299610894941635
800,8,7,54,534,974,958,0.9835728952772074,0.9319066147859922
800,8,8,45,534,983,965,0.9816887080366226,0.938715953307393
800,8,9,36,534,992,975,0.9828629032258065,0.9484435797665369
800,9,1,106,574,882,876,0.9931972789115646,0.8866396761133604
800,9,2,93,574,895,888,0.9921787709497206,0.8987854251012146
800,9,3,83,574,905,897,0.9911602209944751,0.9078947368421053
800,9,4,78,574,910,903,0.9923076923076923,0.9139676113360324
800,9,5,66,574,922,914,0.9913232104121475,0.9251012145748988
800,9,6,60,574,928,919,0.990301724137931,0.930161943319838
800,9,7,56,574,932,921,0.9881974248927039,0.9321862348178138
800,9,8,48,574,940,928,0.9872340425531915,0.9392712550607287
800,9,9,39,574,949,937,0.9873551106427819,0.9483805668016194
800,10,1,112,605,845,839,0.9928994082840237,0.8766980146290491
800,10,2,100,605,857,852,0.9941656942823804,0.890282131661442
800,10,3,90,605,867,861,0.9930795847750865,0.8996865203761756
800,10,4,86,605,871,864,0.9919632606199771,0.9028213166144201
800,10,5,74,605,883,876,0.9920724801812004,0.9153605015673981
800,10,6,68,605,889,881,0.9910011248593926,0.9205851619644723
800,10,7,64,605,893,883,0.9888017917133258,0.922675026123302
800,10,8,56,605,901,890,0.9877913429522752,0.9299895506792059
800,10,9,48,605,909,898,0.9878987898789879,0.9383490073145245
900,1,1,46,152,1364,1159,0.8497067448680352,0.8219858156028369
900,1,2,20,152,1390,1102,0.7928057553956834,0.7815602836879433
900,1,3,9,152,1401,1030,0.7351891506067095,0.7304964539007093
900,1,4,6,152,1404,999,0.7115384615384616,0.7085106382978723
900,1,5,6,152,1404,985,0.7015669515669516,0.6985815602836879
900,1,6,6,152,1404,973,0.6930199430199431,0.6900709219858157
900,1,7,3,152,1407,974,0.6922530206112296,0.6907801418439716
900,1,8,3,152,1407,954,0.6780383795309168,0.676595744680851
900,1,9,3,152,1407,927,0.6588486140724946,0.6574468085106383
900,2,1,72,203,1287,1184,0.9199689199689199,0.8712288447387785
900,2,2,50,203,1309,1177,0.8991596638655462,0.8660779985283297
900,2,3,26,203,1333,1163,0.8724681170292573,0.8557763061074319
900,2,4,15,203,1344,1143,0.8504464285714286,0.8410596026490066
900,2,5,14,203,1345,1134,0.8431226765799257,0.8344370860927153
900,2,6,13,203,1346,1136,0.8439821693907875,0.8359087564385578
900,2,7,12,203,1347,1119,0.8307349665924276,0.8233995584988962
900,2,8,12,203,1347,1102,0.8181143281365999,0.8108903605592347
900,2,9,12,203,1347,1086,0.8062360801781737,0.7991169977924945
900,3,1,97,279,1186,1124,0.9477234401349073,0.8760717069368668
900,3,2,78,279,1205,1133,0.9402489626556016,0.8830865159781761
900,3,3,58,279,1225,1123,0.916734693877551,0.8752922837100545
900,3,4,40,279,1243,1125,0.9050683829444891,0.8768511301636789
900,3,5,27,279,1256,1131,0.9004777070063694,0.8815276695245519
900,3,6,24,279,1259,1131,0.8983320095313742,0.8815276695245519
900,3,7,24,279,1259,1132,0.8991262907069102,0.882307092751364
900,3,8,24,279,1259,1119,0.8888006354249405,0.8721745908028059
900,3,9,23,279,1260,1108,0.8793650793650793,0.8636009353078722
900,4,1,102,340,1120,1078,0.9625,0.8821603927986906
900,4,2,83,340,1139,1090,0.9569798068481123,0.8919803600654664
900,4,3,68,340,1154,1093,0.9471403812824957,0.8944353518821604
900,4,4,52,340,1170,1104,0.9435897435897436,0.9034369885433715
900,4,5,36,340,1186,1112,0.9376053962900506,0.9099836333878887
900,4,6,29,340,1193,1117,0.9362950544844929,0.9140752864157119
900,4,7,25,340,1197,1118,0.934001670843776,0.9148936170212766
900,4,8,24,340,1198,1113,0.9290484140233722,0.9108019639934534
900,4,9,23,340,1199,1111,0.926605504587156,0.9091653027823241
900,5,1,107,405,1050,1024,0.9752380952380952,0.88504753673293
900,5,2,88,405,1069,1041,0.9738072965388214,0.8997407087294728
900,5,3,76,405,1081,1046,0.967622571692877,0.9040622299049266
900,5,4,64,405,1093,1056,0.9661482159194876,0.9127052722558341
900,5,5,49,405,1108,1063,0.9593862815884476,0.9187554019014693
900,5,6,43,405,1114,1066,0.9569120287253142,0.9213483146067416
900,5,7,32,405,1125,1074,0.9546666666666667,0.9282627484874676
900,5,8,31,405,1126,1071,0.9511545293072824,0.9256698357821953
900,5,9,29,405,1128,1070,0.9485815602836879,0.9248055315471045
900,6,1,118,459,985,968,0.9827411167512691,0.8776065276518585
900,6,2,99,459,1004,987,0.9830677290836654,0.8948322756119673
900,6,3,87,459,1016,995,0.9793307086614174,0.9020852221214869
900,6,4,77,459,1026,1002,0.9766081871345029,0.9084315503173164
900,6,5,63,459,1040,1012,0.9730769230769231,0.9174977334542158
900,6,6,57,459,1046,1015,0.9703632887189293,0.9202175883952856
900,6,7,48,459,1055,1021,0.9677725118483412,0.9256572982774252
900,6,8,35,459,1068,1028,0.9625468164794008,0.9320036264732547
900,6,9,33,459,1070,1028,0.9607476635514018,0.9320036264732547
900,7,1,116,504,942,931,0.9883227176220807,0.8799621928166351
900,7,2,99,504,959,948,0.9885297184567258,0.8960302457466919
900,7,3,89,504,969,957,0.9876160990712074,0.9045368620037807
900,7,4,80,504,978,961,0.9826175869120655,0.9083175803402647
900,7,5,66,504,992,972,0.9798387096774194,0.9187145557655955
900,7,6,61,504,997,975,0.9779338014042126,0.9215500945179584
900,7,7,55,504,1003,979,0.9760717846460618,0.9253308128544423
900,7,8,41,504,1017,991,0.9744346116027532,0.9366729678638941
900,7,9,33,504,1025,999,0.9746341463414634,0.944234404536862
900,8,1,118,534,910,902,0.9912087912087912,0.877431906614786
900,8,2,101,534,927,919,0.9913700107874865,0.8939688715953308
900,8,3,92,534,936,925,0.9882478632478633,0.8998054474708171
900,8,4,83,534,945,933,0.9873015873015873,0.9075875486381323
900,8,5,71,534,957,945,0.987460815047022,0.919260700389105
900,8,6,66,534,962,950,0.9875259875259875,0.9241245136186771
900,8,7,60,534,968,954,0.9855371900826446,0.9280155642023347
900,8,8,49,534,979,963,0.9836567926455567,0.9367704280155642
900,8,9,40,534,988,973,0.9848178137651822,0.9464980544747081
900,9,1,116,574,872,866,0.9931192660550459,0.8765182186234818
900,9,2,101,574,887,880,0.992108229988726,0.8906882591093117
900,9,3,92,574,896,888,0.9910714285714286,0.8987854251012146
900,9,4,83,574,905,898,0.9922651933701657,0.9089068825910931
900,9,5,72,574,916,908,0.9912663755458515,0.9190283400809717
900,9,6,67,574,921,912,0.990228013029316,0.9230769230769231
900,9,7,61,574,927,916,0.9881337648327939,0.9271255060728745
900,9,8,51,574,937,925,0.9871931696905016,0.9362348178137652
900,9,9,43,574,945,933,0.9873015873015873,0.944331983805668
900,10,1,122,605,835,829,0.9928143712574851,0.8662486938349008
900,10,2,108,605,849,844,0.9941107184923439,0.8819226750261233
900,10,3,100,605,857,851,0.9929988331388565,0.8892371995820272
900,10,4,92,605,865,858,0.991907514450867,0.896551724137931
900,10,5,81,605,876,869,0.9920091324200914,0.9080459770114943
900,10,6,76,605,881,873,0.9909194097616345,0.9122257053291536
900,10,7,71,605,886,876,0.9887133182844243,0.9153605015673981
900,10,8,61,605,896,885,0.9877232142857143,0.9247648902821317
900,10,9,53,605,904,893,0.9878318584070797,0.9331243469174504
1000,1,1,57,152,1353,1137,0.8403547671840355,0.8063829787234043
1000,1,2,21,152,1389,1103,0.7940964722822175,0.7822695035460993
1000,1,3,10,152,1400,1048,0.7485714285714286,0.7432624113475177
1000,1,4,6,152,1404,1020,0.7264957264957265,0.723404255319149
1000,1,5,6,152,1404,1004,0.7150997150997151,0.7120567375886525
1000,1,6,6,152,1404,987,0.7029914529914529,0.7
1000,1,7,3,152,1407,982,0.6979388770433547,0.6964539007092199
1000,1,8,3,152,1407,961,0.6830135039090263,0.6815602836879433
1000,1,9,3,152,1407,936,0.6652452025586354,0.6638297872340425
1000,2,1,83,203,1276,1175,0.920846394984326,0.8646063281824872
1000,2,2,51,203,1308,1177,0.8998470948012233,0.8660779985283297
1000,2,3,28,203,1331,1167,0.8767843726521413,0.8587196467991169
1000,2,4,18,203,1341,1149,0.8568232662192393,0.8454746136865342
1000,2,5,17,203,1342,1138,0.8479880774962743,0.8373804267844003
1000,2,6,16,203,1343,1133,0.8436336559940432,0.833701250919794
1000,2,7,15,203,1344,1118,0.8318452380952381,0.8226637233259749
1000,2,8,15,203,1344,1103,0.8206845238095238,0.811626195732156
1000,2,9,15,203,1344,1086,0.8080357142857143,0.7991169977924945
1000,3,1,106,279,1177,1118,0.9498725573491928,0.8713951675759938
1000,3,2,76,279,1207,1134,0.9395194697597349,0.8838659392049883
1000,3,3,57,279,1226,1123,0.9159869494290375,0.8752922837100545
1000,3,4,41,279,1242,1128,0.9082125603864735,0.8791893998441154
1000,3,5,27,279,1256,1133,0.9020700636942676,0.8830865159781761
1000,3,6,24,279,1259,1130,0.897537728355838,0.8807482462977396
1000,3,7,24,279,1259,1130,0.897537728355838,0.8807482462977396
1000,3,8,23,279,1260,1120,0.8888888888888888,0.872954014029618
1000,3,9,23,279,1260,1107,0.8785714285714286,0.8628215120810601
1000,4,1,113,340,1109,1071,0.9657348963029756,0.8764320785597381
1000,4,2,83,340,1139,1090,0.9569798068481123,0.8919803600654664
1000,4,3,68,340,1154,1091,0.9454072790294628,0.8927986906710311
1000,4,4,54,340,1168,1100,0.9417808219178082,0.900163666121113
1000,4,5,38,340,1184,1109,0.9366554054054054,0.9075286415711947
1000,4,6,31,340,1191,1114,0.9353484466834593,0.911620294599018
1000,4,7,27,340,1195,1116,0.9338912133891213,0.9132569558101473
1000,4,8,25,340,1197,1112,0.9289891395154553,0.9099836333878887
1000,4,9,25,340,1197,1109,0.9264828738512949,0.9075286415711947
1000,5,1,111,405,1046,1023,0.9780114722753346,0.8841832324978393
1000,5,2,81,405,1076,1051,0.9767657992565055,0.9083837510803803
1000,5,3,69,405,1088,1056,0.9705882352941176,0.9127052722558341
1000,5,4,61,405,1096,1059,0.9662408759124088,0.9152981849611063
1000,5,5,46,405,1111,1067,0.9603960396039604,0.9222126188418324
1000,5,6,41,405,1116,1067,0.9560931899641577,0.9222126188418324
1000,5,7,34,405,1123,1070,0.9528049866429208,0.9248055315471045
1000,5,8,32,405,1125,1068,0.9493333333333334,0.9230769230769231
1000,5,9,30,405,1127,1067,0.9467613132209406,0.9222126188418324
1000,6,1,115,459,988,973,0.9848178137651822,0.8821396192203083
1000,6,2,86,459,1017,1002,0.9852507374631269,0.9084315503173164
1000,6,3,74,459,1029,1009,0.9805636540330418,0.914777878513146
1000,6,4,68,459,1035,1009,0.9748792270531401,0.914777878513146
1000,6,5,54,459,1049,1020,0.9723546234509056,0.9247506799637353
1000,6,6,49,459,1054,1022,0.969639468690702,0.9265639165911151
1000,6,7,43,459,1060,1025,0.9669811320754716,0.929283771532185
1000,6,8,37,459,1066,1025,0.9615384615384616,0.929283771532185
1000,6,9,35,459,1068,1025,0.9597378277153558,0.929283771532185
1000,7,1,115,504,943,932,0.9883351007423118,0.8809073724007561
1000,7,2,88,504,970,960,0.9896907216494846,0.9073724007561437
1000,7,3,78,504,980,967,0.986734693877551,0.9139886578449905
1000,7,4,73,504,985,967,0.9817258883248731,0.9139886578449905
1000,7,5,60,504,998,977,0.9789579158316634,0.9234404536862004
1000,7,6,56,504,1002,979,0.9770459081836327,0.9253308128544423
1000,7,7,54,504,1004,979,0.9750996015936255,0.9253308128544423
1000,7,8,47,504,1011,984,0.973293768545994,0.9300567107750473
1000,7,9,38,504,1020,993,0.9735294117647059,0.9385633270321361
1000,8,1,116,534,912,906,0.993421052631579,0.8813229571984436
1000,8,2,91,534,937,929,0.991462113127001,0.9036964980544747
1000,8,3,82,534,946,935,0.9883720930232558,0.9095330739299611
1000,8,4,77,534,951,939,0.9873817034700315,0.9134241245136187
1000,8,5,65,534,963,951,0.9875389408099688,0.9250972762645915
1000,8,6,61,534,967,955,0.9875904860392968,0.9289883268482491
1000,8,7,59,534,969,955,0.9855521155830753,0.9289883268482491
1000,8,8,53,534,975,959,0.9835897435897436,0.9328793774319066
1000,8,9,43,534,985,970,0.9847715736040609,0.943579766536965
1000,9,1,115,574,873,867,0.993127147766323,0.8775303643724697
1000,9,2,91,574,897,890,0.992196209587514,0.9008097165991903
1000,9,3,82,574,906,898,0.9911699779249448,0.9089068825910931
1000,9,4,77,574,911,904,0.9923161361141603,0.9149797570850202
1000,9,5,67,574,921,913,0.991313789359392,0.9240890688259109
1000,9,6,63,574,925,916,0.9902702702702703,0.9271255060728745
1000,9,7,61,574,927,916,0.9881337648327939,0.9271255060728745
1000,9,8,55,574,933,921,0.9871382636655949,0.9321862348178138
1000,9,9,45,574,943,931,0.9872746553552492,0.9423076923076923
1000,10,1,122,605,835,830,0.9940119760479041,0.8672936259143156
1000,10,2,102,605,855,851,0.9953216374269006,0.8892371995820272
1000,10,3,93,605,864,859,0.9942129629629629,0.8975966562173459
1000,10,4,88,605,869,863,0.9930955120828538,0.9017763845350052
1000,10,5,78,605,879,873,0.9931740614334471,0.9122257053291536
1000,10,6,74,605,883,876,0.9920724801812004,0.9153605015673981
1000,10,7,72,605,885,876,0.9898305084745763,0.9153605015673981
1000,10,8,66,605,891,881,0.9887766554433222,0.9205851619644723
1000,10,9,57,605,900,890,0.9888888888888889,0.9299895506792059
2000,1,1,67,152,1343,1177,0.8763961280714817,0.8347517730496454
2000,1,2,24,152,1386,1156,0.834054834054834,0.8198581560283688
2000,1,3,10,152,1400,1107,0.7907142857142857,0.7851063829787234
2000,1,4,6,152,1404,1072,0.7635327635327636,0.7602836879432624
2000,1,5,6,152,1404,1051,0.7485754985754985,0.7453900709219858
2000,1,6,6,152,1404,1032,0.7350427350427351,0.7319148936170212
2000,1,7,3,152,1407,1023,0.7270788912579957,0.725531914893617
2000,1,8,3,152,1407,991,0.7043354655294953,0.7028368794326241
2000,1,9,3,152,1407,963,0.6844349680170576,0.6829787234042554
2000,2,1,95,203,1264,1178,0.9319620253164557,0.8668138337012509
2000,2,2,60,203,1299,1188,0.9145496535796767,0.8741721854304636
2000,2,3,33,203,1326,1174,0.8853695324283559,0.8638704930095659
2000,2,4,19,203,1340,1162,0.8671641791044776,0.8550404709345106
2000,2,5,17,203,1342,1149,0.8561847988077497,0.8454746136865342
2000,2,6,16,203,1343,1140,0.8488458674609084,0.8388520971302428
2000,2,7,15,203,1344,1122,0.8348214285714286,0.82560706401766
2000,2,8,15,203,1344,1107,0.8236607142857143,0.8145695364238411
2000,2,9,15,203,1344,1090,0.8110119047619048,0.8020603384841796
2000,3,1,121,279,1162,1110,0.955249569707401,0.8651597817614964
2000,3,2,89,279,1194,1126,0.9430485762144054,0.877630553390491
2000,3,3,66,279,1217,1119,0.9194741166803615,0.8721745908028059
2000,3,4,47,279,1236,1130,0.9142394822006472,0.8807482462977396
2000,3,5,30,279,1253,1138,0.9082202713487629,0.886983632112237
2000,3,6,27,279,1256,1136,0.9044585987261147,0.8854247856586126
2000,3,7,27,279,1256,1134,0.9028662420382165,0.8838659392049883
2000,3,8,25,279,1258,1121,0.8910969793322735,0.8737334372564303
2000,3,9,24,279,1259,1109,0.880857823669579,0.8643803585346843
2000,4,1,131,340,1091,1057,0.9688359303391384,0.8649754500818331
2000,4,2,101,340,1121,1078,0.9616413916146298,0.8821603927986906
2000,4,3,82,340,1140,1083,0.95,0.886252045826514
2000,4,4,66,340,1156,1095,0.9472318339100346,0.8960720130932897
2000,4,5,47,340,1175,1105,0.9404255319148936,0.9042553191489362
2000,4,6,37,340,1185,1111,0.9375527426160337,0.9091653027823241
2000,4,7,32,340,1190,1113,0.9352941176470588,0.9108019639934534
2000,4,8,29,340,1193,1111,0.9312657166806371,0.9091653027823241
2000,4,9,28,340,1194,1109,0.9288107202680067,0.9075286415711947
2000,5,1,136,405,1021,1002,0.9813907933398629,0.8660328435609335
2000,5,2,106,405,1051,1030,0.9800190294957184,0.8902333621434745
2000,5,3,90,405,1067,1037,0.971883786316776,0.8962834917891098
2000,5,4,80,405,1077,1042,0.9675023212627669,0.9006050129645635
2000,5,5,62,405,1095,1053,0.9616438356164384,0.9101123595505618
2000,5,6,54,405,1103,1056,0.957388939256573,0.9127052722558341
2000,5,7,39,405,1118,1066,0.9534883720930233,0.9213483146067416
2000,5,8,36,405,1121,1065,0.9500446030330062,0.9204840103716508
2000,5,9,33,405,1124,1066,0.9483985765124555,0.9213483146067416
2000,6,1,146,459,957,946,0.9885057471264368,0.85766092475068
2000,6,2,117,459,986,973,0.986815415821501,0.8821396192203083
2000,6,3,102,459,1001,982,0.981018981018981,0.8902991840435177
2000,6,4,95,459,1008,983,0.9751984126984127,0.8912058023572076
2000,6,5,78,459,1025,997,0.9726829268292683,0.9038984587488668
2000,6,6,69,459,1034,1002,0.9690522243713733,0.9084315503173164
2000,6,7,55,459,1048,1012,0.9656488549618321,0.9174977334542158
2000,6,8,47,459,1056,1015,0.9611742424242424,0.9202175883952856
2000,6,9,45,459,1058,1016,0.9603024574669187,0.9211242067089755
2000,7,1,143,504,915,906,0.9901639344262295,0.8563327032136105
2000,7,2,117,504,941,932,0.9904357066950054,0.8809073724007561
2000,7,3,104,504,954,942,0.9874213836477987,0.8903591682419659
2000,7,4,98,504,960,943,0.9822916666666667,0.8913043478260869
2000,7,5,82,504,976,956,0.9795081967213115,0.9035916824196597
2000,7,6,75,504,983,960,0.9766022380467956,0.9073724007561437
2000,7,7,65,504,993,968,0.9748237663645518,0.9149338374291115
2000,7,8,55,504,1003,976,0.9730807577268196,0.9224952741020794
2000,7,9,46,504,1012,985,0.9733201581027668,0.9310018903591682
2000,8,1,144,534,884,878,0.9932126696832579,0.8540856031128404
2000,8,2,120,534,908,900,0.9911894273127754,0.8754863813229572
2000,8,3,109,534,919,908,0.9880304678998912,0.8832684824902723
2000,8,4,104,534,924,912,0.987012987012987,0.8871595330739299
2000,8,5,89,534,939,927,0.987220447284345,0.9017509727626459
2000,8,6,83,534,945,933,0.9873015873015873,0.9075875486381323
2000,8,7,74,534,954,940,0.9853249475890985,0.914396887159533
2000,8,8,65,534,963,947,0.9833852544132918,0.9212062256809338
2000,8,9,55,534,973,958,0.9845837615621789,0.9319066147859922
2000,9,1,143,574,845,839,0.9928994082840237,0.8491902834008097
2000,9,2,120,574,868,861,0.9919354838709677,0.8714574898785425
2000,9,3,109,574,879,871,0.9908987485779295,0.881578947368421
2000,9,4,104,574,884,877,0.9920814479638009,0.8876518218623481
2000,9,5,91,574,897,889,0.9910813823857302,0.8997975708502024
2000,9,6,86,574,902,893,0.9900221729490022,0.9038461538461539
2000,9,7,78,574,910,899,0.987912087912088,0.909919028340081
2000,9,8,70,574,918,906,0.9869281045751634,0.917004048582996
2000,9,9,61,574,927,915,0.9870550161812298,0.9261133603238867
2000,10,1,153,605,804,799,0.9937810945273632,0.8349007314524556
2000,10,2,134,605,823,819,0.9951397326852977,0.8557993730407524
2000,10,3,124,605,833,828,0.9939975990396158,0.8652037617554859
2000,10,4,119,605,838,832,0.9928400954653938,0.8693834900731452
2000,10,5,106,605,851,845,0.9929494712103408,0.8829676071055381
2000,10,6,101,605,856,849,0.991822429906542,0.8871473354231975
2000,10,7,93,605,864,855,0.9895833333333334,0.8934169278996865
2000,10,8,85,605,872,862,0.9885321100917431,0.9007314524555904
2000,10,9,76,605,881,871,0.9886492622020431,0.910135841170324
3000,1,1,75,152,1335,1187,0.8891385767790262,0.8418439716312057
3000,1,2,29,152,1381,1176,0.8515568428674873,0.8340425531914893
3000,1,3,11,152,1399,1135,0.8112937812723374,0.8049645390070922
3000,1,4,7,152,1403,1096,0.7811831789023521,0.7773049645390071
3000,1,5,7,152,1403,1068,0.7612259444048468,0.7574468085106383
3000,1,6,7,152,1403,1053,0.7505345687811832,0.7468085106382979
3000,1,7,4,152,1406,1041,0.7403982930298719,0.7382978723404255
3000,1,8,4,152,1406,1014,0.7211948790896159,0.7191489361702128
3000,1,9,4,152,1406,984,0.6998577524893315,0.6978723404255319
3000,2,1,109,203,1250,1172,0.9376,0.8623988226637234
3000,2,2,71,203,1288,1186,0.9208074534161491,0.8727005150846211
3000,2,3,41,203,1318,1173,0.8899848254931715,0.8631346578366446
3000,2,4,24,203,1335,1165,0.8726591760299626,0.8572479764532744
3000,2,5,23,203,1336,1152,0.8622754491017964,0.847682119205298
3000,2,6,22,203,1337,1142,0.8541510845175767,0.8403237674760854
3000,2,7,21,203,1338,1125,0.8408071748878924,0.8278145695364238
3000,2,8,21,203,1338,1108,0.828101644245142,0.8153053715967623
3000,2,9,21,203,1338,1090,0.8146487294469357,0.8020603384841796
3000,3,1,143,279,1140,1091,0.9570175438596491,0.8503507404520655
3000,3,2,107,279,1176,1114,0.9472789115646258,0.8682774746687452
3000,3,3,81,279,1202,1108,0.9217970049916805,0.8636009353078722
3000,3,4,59,279,1224,1122,0.9166666666666666,0.8745128604832424
3000,3,5,37,279,1246,1135,0.9109149277688604,0.8846453624318005
3000,3,6,34,279,1249,1136,0.9095276220976781,0.8854247856586126
3000,3,7,34,279,1249,1131,0.9055244195356285,0.8815276695245519
3000,3,8,34,279,1249,1114,0.8919135308246597,0.8682774746687452
3000,3,9,33,279,1250,1102,0.8816,0.8589243959469992
3000,4,1,153,340,1069,1038,0.971000935453695,0.8494271685761048
3000,4,2,118,340,1104,1065,0.9646739130434783,0.8715220949263502
3000,4,3,96,340,1126,1072,0.9520426287744227,0.8772504091653028
3000,4,4,76,340,1146,1086,0.9476439790575916,0.8887070376432079
3000,4,5,53,340,1169,1102,0.9426860564585116,0.9018003273322422
3000,4,6,40,340,1182,1112,0.9407783417935702,0.9099836333878887
3000,4,7,36,340,1186,1113,0.9384485666104553,0.9108019639934534
3000,4,8,35,340,1187,1108,0.9334456613310868,0.9067103109656302
3000,4,9,34,340,1188,1105,0.9301346801346801,0.9042553191489362
3000,5,1,153,405,1004,988,0.9840637450199203,0.8539325842696629
3000,5,2,119,405,1038,1020,0.9826589595375722,0.881590319792567
3000,5,3,99,405,1058,1030,0.9735349716446124,0.8902333621434745
3000,5,4,84,405,1073,1039,0.9683131407269339,0.8980121002592912
3000,5,5,61,405,1096,1055,0.9625912408759124,0.9118409680207433
3000,5,6,50,405,1107,1062,0.959349593495935,0.9178910976663786
3000,5,7,41,405,1116,1066,0.9551971326164874,0.9213483146067416
3000,5,8,39,405,1118,1062,0.9499105545617174,0.9178910976663786
3000,5,9,37,405,1120,1062,0.9482142857142857,0.9178910976663786
3000,6,1,166,459,937,929,0.991462113127001,0.8422484134179511
3000,6,2,133,459,970,959,0.988659793814433,0.8694469628286491
3000,6,3,113,459,990,974,0.9838383838383838,0.8830462375339981
3000,6,4,100,459,1003,981,0.9780658025922233,0.8893925657298277
3000,6,5,78,459,1025,1000,0.975609756097561,0.9066183136899365
3000,6,6,68,459,1035,1007,0.9729468599033816,0.9129646418857661
3000,6,7,60,459,1043,1010,0.9683604985618408,0.915684496826836
3000,6,8,48,459,1055,1016,0.9630331753554502,0.9211242067089755
3000,6,9,45,459,1058,1018,0.9621928166351607,0.9229374433363554
3000,7,1,168,504,890,884,0.9932584269662922,0.8355387523629489
3000,7,2,138,504,920,913,0.9923913043478261,0.8629489603024575
3000,7,3,119,504,939,928,0.9882854100106496,0.8771266540642723
3000,7,4,107,504,951,935,0.9831756046267087,0.8837429111531191
3000,7,5,87,504,971,952,0.98043254376931,0.8998109640831758
3000,7,6,78,504,980,958,0.9775510204081632,0.9054820415879017
3000,7,7,74,504,984,959,0.9745934959349594,0.9064272211720227
3000,7,8,61,504,997,970,0.9729187562688064,0.9168241965973535
3000,7,9,51,504,1007,980,0.9731876861966237,0.9262759924385633
3000,8,1,171,534,857,852,0.9941656942823804,0.8287937743190662
3000,8,2,143,534,885,879,0.9932203389830508,0.8550583657587548
3000,8,3,127,534,901,892,0.9900110987791343,0.867704280155642
3000,8,4,115,534,913,903,0.9890470974808324,0.8784046692607004
3000,8,5,98,534,930,920,0.989247311827957,0.8949416342412452
3000,8,6,89,534,939,928,0.9882854100106496,0.9027237354085603
3000,8,7,85,534,943,930,0.9862142099681867,0.9046692607003891
3000,8,8,73,534,955,940,0.9842931937172775,0.914396887159533
3000,8,9,62,534,966,952,0.9855072463768116,0.9260700389105059
3000,9,1,178,574,810,805,0.9938271604938271,0.8147773279352226
3000,9,2,150,574,838,832,0.9928400954653938,0.8421052631578947
3000,9,3,134,574,854,847,0.9918032786885246,0.8572874493927125
3000,9,4,122,574,866,859,0.9919168591224018,0.8694331983805668
3000,9,5,107,574,881,873,0.9909194097616345,0.8836032388663968
3000,9,6,98,574,890,881,0.9898876404494382,0.8917004048582996
3000,9,7,94,574,894,883,0.9876957494407159,0.8937246963562753
3000,9,8,83,574,905,893,0.9867403314917127,0.9038461538461539
3000,9,9,74,574,914,902,0.986870897155361,0.9129554655870445
3000,10,1,193,605,764,760,0.9947643979057592,0.7941483803552769
3000,10,2,172,605,785,781,0.9949044585987261,0.8160919540229885
3000,10,3,158,605,799,794,0.9937421777221527,0.8296760710553814
3000,10,4,147,605,810,804,0.9925925925925926,0.8401253918495298
3000,10,5,132,605,825,819,0.9927272727272727,0.8557993730407524
3000,10,6,123,605,834,827,0.9916067146282974,0.864158829676071
3000,10,7,119,605,838,829,0.9892601431980907,0.8662486938349008
3000,10,8,109,605,848,838,0.9882075471698113,0.8756530825496343
3000,10,9,100,605,857,847,0.9883313885647608,0.8850574712643678
4000,1,1,81,152,1329,1185,0.891647855530474,0.8404255319148937
4000,1,2,33,152,1377,1188,0.8627450980392157,0.8425531914893617
4000,1,3,12,152,1398,1145,0.8190271816881259,0.8120567375886525
4000,1,4,7,152,1403,1106,0.7883107626514612,0.7843971631205674
4000,1,5,7,152,1403,1078,0.7683535281539559,0.7645390070921986
4000,1,6,7,152,1403,1061,0.7562366357804704,0.7524822695035461
4000,1,7,4,152,1406,1049,0.7460881934566145,0.7439716312056738
4000,1,8,4,152,1406,1014,0.7211948790896159,0.7191489361702128
4000,1,9,4,152,1406,985,0.7005689900426743,0.6985815602836879
4000,2,1,128,203,1231,1153,0.9366368805848904,0.8484179543782193
4000,2,2,88,203,1271,1169,0.919748229740362,0.8601913171449596
4000,2,3,52,203,1307,1171,0.8959449120122418,0.8616629874908021
4000,2,4,23,203,1336,1169,0.875,0.8601913171449596
4000,2,5,21,203,1338,1156,0.8639760837070254,0.8506254598969831
4000,2,6,20,203,1339,1144,0.8543689320388349,0.8417954378219279
4000,2,7,19,203,1340,1128,0.8417910447761194,0.8300220750551877
4000,2,8,19,203,1340,1112,0.8298507462686567,0.8182487122884474
4000,2,9,19,203,1340,1093,0.8156716417910448,0.8042678440029434
4000,3,1,162,279,1121,1071,0.9553969669937555,0.8347622759158223
4000,3,2,126,279,1157,1094,0.9455488331892826,0.852689010132502
4000,3,3,95,279,1188,1097,0.9234006734006734,0.8550272798129385
4000,3,4,69,279,1214,1113,0.9168039538714992,0.8674980514419329
4000,3,5,44,279,1239,1129,0.9112187247780468,0.8799688230709275
4000,3,6,41,279,1242,1129,0.9090177133655395,0.8799688230709275
4000,3,7,39,279,1244,1128,0.9067524115755627,0.8791893998441154
4000,3,8,30,279,1253,1119,0.8930566640063847,0.8721745908028059
4000,3,9,29,279,1254,1107,0.8827751196172249,0.8628215120810601
4000,4,1,173,340,1049,1017,0.9694947569113441,0.8322422258592471
4000,4,2,139,340,1083,1041,0.961218836565097,0.8518821603927987
4000,4,3,115,340,1107,1052,0.950316169828365,0.8608837970540099
4000,4,4,92,340,1130,1069,0.9460176991150443,0.8747954173486089
4000,4,5,65,340,1157,1088,0.9403630077787382,0.8903436988543372
4000,4,6,51,340,1171,1100,0.9393680614859095,0.900163666121113
4000,4,7,44,340,1178,1104,0.9371816638370118,0.9034369885433715
4000,4,8,32,340,1190,1110,0.9327731092436975,0.9083469721767594
4000,4,9,31,340,1191,1108,0.9303106633081444,0.9067103109656302
4000,5,1,183,405,974,959,0.9845995893223819,0.8288677614520311
4000,5,2,150,405,1007,988,0.9811320754716981,0.8539325842696629
4000,5,3,130,405,1027,999,0.9727361246348588,0.8634399308556612
4000,5,4,113,405,1044,1010,0.9674329501915708,0.8729472774416595
4000,5,5,87,405,1070,1029,0.9616822429906542,0.8893690579083837
4000,5,6,75,405,1082,1037,0.9584103512014788,0.8962834917891098
4000,5,7,59,405,1098,1047,0.953551912568306,0.9049265341400173
4000,5,8,45,405,1112,1056,0.9496402877697842,0.9127052722558341
4000,5,9,41,405,1116,1058,0.9480286738351255,0.9144338807260155
4000,6,1,193,459,910,902,0.9912087912087912,0.8177697189483227
4000,6,2,165,459,938,927,0.988272921108742,0.8404351767905711
4000,6,3,146,459,957,940,0.9822361546499477,0.8522212148685403
4000,6,4,133,459,970,947,0.9762886597938144,0.8585675430643699
4000,6,5,109,459,994,968,0.9738430583501007,0.8776065276518585
4000,6,6,96,459,1007,977,0.9702085402184707,0.885766092475068
4000,6,7,81,459,1022,987,0.9657534246575342,0.8948322756119673
4000,6,8,62,459,1041,1001,0.9615754082612872,0.9075249320036265
4000,6,9,59,459,1044,1003,0.960727969348659,0.9093381686310064
4000,7,1,198,504,860,854,0.9930232558139535,0.8071833648393195
4000,7,2,173,504,885,877,0.9909604519774011,0.8289224952741021
4000,7,3,156,504,902,891,0.9878048780487805,0.8421550094517959
4000,7,4,144,504,914,898,0.9824945295404814,0.8487712665406427
4000,7,5,122,504,936,917,0.9797008547008547,0.8667296786389413
4000,7,6,111,504,947,925,0.9767687434002112,0.8742911153119093
4000,7,7,100,504,958,933,0.9739039665970772,0.8818525519848771
4000,7,8,79,504,979,952,0.9724208375893769,0.8998109640831758
4000,7,9,61,504,997,970,0.9729187562688064,0.9168241965973535
4000,8,1,202,534,826,821,0.9939467312348669,0.7986381322957199
4000,8,2,178,534,850,843,0.991764705882353,0.8200389105058365
4000,8,3,162,534,866,856,0.9884526558891455,0.8326848249027238
4000,8,4,151,534,877,866,0.9874572405929305,0.8424124513618677
4000,8,5,130,534,898,887,0.987750556792873,0.8628404669260701
4000,8,6,120,534,908,896,0.986784140969163,0.8715953307392996
4000,8,7,112,534,916,902,0.9847161572052402,0.877431906614786
4000,8,8,92,534,936,920,0.9829059829059829,0.8949416342412452
4000,8,9,73,534,955,940,0.9842931937172775,0.914396887159533
4000,9,1,203,574,785,780,0.9936305732484076,0.7894736842105263
4000,9,2,181,574,807,801,0.9925650557620818,0.8107287449392713
4000,9,3,165,574,823,816,0.991494532199271,0.8259109311740891
4000,9,4,154,574,834,827,0.9916067146282974,0.8370445344129555
4000,9,5,135,574,853,845,0.9906213364595545,0.8552631578947368
4000,9,6,127,574,861,852,0.9895470383275261,0.8623481781376519
4000,9,7,119,574,869,858,0.9873417721518988,0.868421052631579
4000,9,8,100,574,888,876,0.9864864864864865,0.8866396761133604
4000,9,9,82,574,906,894,0.9867549668874173,0.9048582995951417
4000,10,1,216,605,741,737,0.9946018893387314,0.7701149425287356
4000,10,2,195,605,762,758,0.994750656167979,0.7920585161964472
4000,10,3,181,605,776,771,0.9935567010309279,0.8056426332288401
4000,10,4,170,605,787,781,0.9923761118170267,0.8160919540229885
4000,10,5,151,605,806,800,0.9925558312655087,0.8359456635318704
4000,10,6,143,605,814,807,0.9914004914004914,0.8432601880877743
4000,10,7,135,605,822,813,0.9890510948905109,0.8495297805642633
4000,10,8,116,605,841,831,0.9881093935790726,0.8683385579937304
4000,10,9,98,605,859,849,0.9883585564610011,0.8871473354231975
5000,1,1,110,152,1300,1178,0.9061538461538462,0.8354609929078014
5000,1,2,47,152,1363,1178,0.8642699926632429,0.8354609929078014
5000,1,3,14,152,1396,1148,0.8223495702005731,0.8141843971631205
5000,1,4,8,152,1402,1115,0.7952924393723253,0.7907801418439716
5000,1,5,8,152,1402,1082,0.7717546362339515,0.7673758865248227
5000,1,6,8,152,1402,1065,0.7596291012838802,0.7553191489361702
5000,1,7,5,152,1405,1056,0.7516014234875444,0.7489361702127659
5000,1,8,5,152,1405,1028,0.7316725978647687,0.7290780141843972
5000,1,9,5,152,1405,993,0.7067615658362989,0.7042553191489361
5000,2,1,148,203,1211,1140,0.9413707679603633,0.8388520971302428
5000,2,2,97,203,1262,1163,0.9215530903328051,0.8557763061074319
5000,2,3,53,203,1306,1168,0.8943338437978561,0.8594554819720382
5000,2,4,25,203,1334,1168,0.8755622188905547,0.8594554819720382
5000,2,5,21,203,1338,1159,0.8662182361733931,0.8528329654157468
5000,2,6,19,203,1340,1147,0.8559701492537314,0.8440029433406917
5000,2,7,18,203,1341,1133,0.8448918717375093,0.833701250919794
5000,2,8,18,203,1341,1116,0.8322147651006712,0.8211920529801324
5000,2,9,18,203,1341,1098,0.8187919463087249,0.8079470198675497
5000,3,1,179,279,1104,1059,0.9592391304347826,0.8254091971940763
5000,3,2,134,279,1149,1090,0.9486510008703221,0.8495713172252534
5000,3,3,97,279,1186,1097,0.9249578414839797,0.8550272798129385
5000,3,4,63,279,1220,1120,0.9180327868852459,0.872954014029618
5000,3,5,36,279,1247,1137,0.9117882919005613,0.8862042088854248
5000,3,6,32,279,1251,1138,0.9096722621902478,0.886983632112237
5000,3,7,31,279,1252,1136,0.9073482428115016,0.8854247856586126
5000,3,8,30,279,1253,1121,0.8946528332003192,0.8737334372564303
5000,3,9,29,279,1254,1108,0.8835725677830941,0.8636009353078722
5000,4,1,194,340,1028,1001,0.9737354085603113,0.8191489361702128
5000,4,2,150,340,1072,1034,0.9645522388059702,0.8461538461538461
5000,4,3,117,340,1105,1053,0.9529411764705882,0.8617021276595744
5000,4,4,88,340,1134,1076,0.9488536155202821,0.8805237315875614
5000,4,5,60,340,1162,1096,0.9432013769363167,0.8968903436988543
5000,4,6,45,340,1177,1106,0.9396771452846219,0.9050736497545008
5000,4,7,39,340,1183,1109,0.937447168216399,0.9075286415711947
5000,4,8,37,340,1185,1104,0.9316455696202531,0.9034369885433715
5000,4,9,33,340,1189,1105,0.9293523969722456,0.9042553191489362
5000,5,1,204,405,953,936,0.9821615949632738,0.8089887640449438
5000,5,2,166,405,991,972,0.9808274470232089,0.8401037165082109
5000,5,3,138,405,1019,991,0.97252208047105,0.8565254969749352
5000,5,4,116,405,1041,1007,0.9673390970220941,0.8703543647363872
5000,5,5,90,405,1067,1026,0.9615745079662605,0.8867761452031115
5000,5,6,78,405,1079,1034,0.9582947173308619,0.8936905790838375
5000,5,7,55,405,1102,1052,0.9546279491833031,0.909248055315471
5000,5,8,51,405,1106,1049,0.9484629294755877,0.9066551426101987
5000,5,9,46,405,1111,1052,0.946894689468947,0.909248055315471
5000,6,1,227,459,876,867,0.9897260273972602,0.786038077969175
5000,6,2,190,459,913,902,0.9879518072289156,0.8177697189483227
5000,6,3,163,459,940,924,0.9829787234042553,0.8377153218495014
5000,6,4,143,459,960,938,0.9770833333333333,0.8504079782411604
5000,6,5,117,459,986,961,0.9746450304259635,0.8712601994560291
5000,6,6,106,459,997,969,0.9719157472417251,0.8785131459655485
5000,6,7,86,459,1017,984,0.967551622418879,0.8921124206708976
5000,6,8,63,459,1040,1000,0.9615384615384616,0.9066183136899365
5000,6,9,58,459,1045,1004,0.9607655502392345,0.9102447869446962
5000,7,1,226,504,832,825,0.9915865384615384,0.779773156899811
5000,7,2,194,504,864,857,0.9918981481481481,0.8100189035916824
5000,7,3,169,504,889,878,0.9876265466816648,0.8298676748582231
5000,7,4,151,504,907,891,0.9823594266813671,0.8421550094517959
5000,7,5,127,504,931,912,0.9795918367346939,0.8620037807183365
5000,7,6,118,504,940,918,0.9765957446808511,0.8676748582230623
5000,7,7,102,504,956,930,0.9728033472803347,0.8790170132325141
5000,7,8,79,504,979,950,0.9703779366700716,0.8979206049149339
5000,7,9,60,504,998,969,0.9709418837675351,0.9158790170132325
5000,8,1,234,534,794,789,0.9937027707808564,0.7675097276264592
5000,8,2,205,534,823,817,0.9927095990279465,0.7947470817120622
5000,8,3,182,534,846,837,0.9893617021276596,0.8142023346303502
5000,8,4,166,534,862,852,0.988399071925754,0.8287937743190662
5000,8,5,143,534,885,875,0.9887005649717514,0.8511673151750972
5000,8,6,135,534,893,882,0.9876819708846585,0.857976653696498
5000,8,7,120,534,908,895,0.98568281938326,0.8706225680933852
5000,8,8,98,534,930,915,0.9838709677419355,0.8900778210116731
5000,8,9,80,534,948,934,0.9852320675105485,0.9085603112840467
5000,9,1,245,574,743,738,0.9932705248990579,0.7469635627530364
5000,9,2,217,574,771,765,0.9922178988326849,0.7742914979757085
5000,9,3,194,574,794,787,0.9911838790931989,0.7965587044534413
5000,9,4,178,574,810,803,0.991358024691358,0.812753036437247
5000,9,5,157,574,831,823,0.9903730445246691,0.832995951417004
5000,9,6,150,574,838,829,0.9892601431980907,0.8390688259109311
5000,9,7,135,574,853,842,0.9871043376318874,0.8522267206477733
5000,9,8,115,574,873,861,0.9862542955326461,0.8714574898785425
5000,9,9,98,574,890,878,0.9865168539325843,0.888663967611336
5000,10,1,262,605,695,691,0.9942446043165467,0.722048066875653
5000,10,2,238,605,719,715,0.9944367176634215,0.7471264367816092
5000,10,3,218,605,739,734,0.993234100135318,0.7669801462904912
5000,10,4,202,605,755,749,0.9920529801324504,0.7826541274817137
5000,10,5,182,605,775,769,0.9922580645161291,0.8035527690700105
5000,10,6,176,605,781,774,0.9910371318822023,0.8087774294670846
5000,10,7,163,605,794,785,0.9886649874055415,0.8202716823406478
5000,10,8,143,605,814,804,0.9877149877149877,0.8401253918495298
5000,10,9,127,605,830,820,0.9879518072289156,0.8568443051201672
