100,1,1000,3000,11,325,1648,732,0.4441747572815534,0.4412296564195298
100,2,1000,3000,64,410,1510,1043,0.6907284768211921,0.6626429479034307
100,3,1000,3000,72,506,1406,1114,0.7923186344238976,0.7537212449255751
100,4,1000,3000,60,575,1349,1163,0.8621200889547813,0.8254080908445706
100,5,1000,3000,67,661,1256,1122,0.893312101910828,0.8480725623582767
100,6,1000,3000,63,726,1195,1101,0.9213389121338912,0.8751987281399046
100,7,1000,3000,57,779,1148,1087,0.9468641114982579,0.9020746887966805
100,8,1000,3000,55,822,1107,1070,0.966576332429991,0.9208261617900172
100,9,1000,3000,52,871,1061,1043,0.9830348727615457,0.9371069182389937
100,10,1000,3000,62,913,1009,998,0.9890981169474727,0.9318394024276377
200,1,1000,3000,23,325,1636,821,0.5018337408312958,0.4948764315852923
200,2,1000,3000,86,410,1488,1071,0.719758064516129,0.6804320203303685
200,3,1000,3000,78,506,1400,1132,0.8085714285714286,0.7658998646820027
200,4,1000,3000,64,575,1345,1165,0.8661710037174721,0.8268275372604684
200,5,1000,3000,68,661,1255,1126,0.8972111553784861,0.8510959939531368
200,6,1000,3000,67,726,1191,1103,0.926112510495382,0.8767885532591415
200,7,1000,3000,60,779,1145,1084,0.9467248908296944,0.8995850622406639
200,8,1000,3000,56,822,1106,1071,0.9683544303797469,0.9216867469879518
200,9,1000,3000,53,871,1060,1041,0.9820754716981132,0.9353099730458221
200,10,1000,3000,63,913,1008,996,0.9880952380952381,0.9299719887955182
300,1,1000,3000,37,325,1622,850,0.5240443896424167,0.5123568414707655
300,2,1000,3000,90,410,1484,1072,0.7223719676549866,0.6810673443456162
300,3,1000,3000,78,506,1400,1132,0.8085714285714286,0.7658998646820027
300,4,1000,3000,63,575,1346,1167,0.8670133729569094,0.8282469836763662
300,5,1000,3000,68,661,1255,1124,0.895617529880478,0.8495842781557067
300,6,1000,3000,65,726,1193,1106,0.9270746018440905,0.8791732909379968
300,7,1000,3000,57,779,1148,1089,0.9486062717770035,0.9037344398340249
300,8,1000,3000,55,822,1107,1073,0.969286359530262,0.923407917383821
300,9,1000,3000,52,871,1061,1042,0.9820923656927427,0.9362084456424079
300,10,1000,3000,64,913,1007,995,0.9880834160873883,0.9290382819794585
400,1,1000,3000,48,325,1611,868,0.5387957790192427,0.5232067510548524
400,2,1000,3000,95,410,1479,1078,0.7288708586883029,0.6848792884371029
400,3,1000,3000,80,506,1398,1132,0.8097281831187411,0.7658998646820027
400,4,1000,3000,64,575,1345,1167,0.8676579925650557,0.8282469836763662
400,5,1000,3000,68,661,1255,1127,0.8980079681274901,0.8518518518518519
400,6,1000,3000,67,726,1191,1106,0.9286314021830394,0.8791732909379968
400,7,1000,3000,61,779,1144,1084,0.9475524475524476,0.8995850622406639
400,8,1000,3000,58,822,1104,1070,0.9692028985507246,0.9208261617900172
400,9,1000,3000,56,871,1057,1038,0.9820245979186376,0.9326145552560647
400,10,1000,3000,66,913,1005,993,0.9880597014925373,0.927170868347339
500,1,1000,3000,53,325,1606,866,0.539227895392279,0.5220012055455093
500,2,1000,3000,96,410,1478,1080,0.7307171853856563,0.6861499364675985
500,3,1000,3000,80,506,1398,1134,0.8111587982832618,0.7672530446549392
500,4,1000,3000,64,575,1345,1167,0.8676579925650557,0.8282469836763662
500,5,1000,3000,67,661,1256,1127,0.8972929936305732,0.8518518518518519
500,6,1000,3000,66,726,1192,1106,0.9278523489932886,0.8791732909379968
500,7,1000,3000,63,779,1142,1084,0.9492119089316988,0.8995850622406639
500,8,1000,3000,62,822,1100,1066,0.9690909090909091,0.9173838209982789
500,9,1000,3000,59,871,1054,1033,0.9800759013282733,0.9281221922731356
500,10,1000,3000,67,913,1004,992,0.9880478087649402,0.9262371615312792
600,1,1000,3000,65,325,1594,887,0.5564617314930991,0.5346594333936107
600,2,1000,3000,98,410,1476,1083,0.733739837398374,0.6880559085133418
600,3,1000,3000,82,506,1396,1134,0.8123209169054442,0.7672530446549392
600,4,1000,3000,66,575,1343,1165,0.8674609084139985,0.8268275372604684
600,5,1000,3000,70,661,1253,1127,0.8994413407821229,0.8518518518518519
600,6,1000,3000,69,726,1189,1104,0.928511354079058,0.8775834658187599
600,7,1000,3000,62,779,1143,1084,0.9483814523184602,0.8995850622406639
600,8,1000,3000,59,822,1103,1071,0.970988213961922,0.9216867469879518
600,9,1000,3000,56,871,1057,1038,0.9820245979186376,0.9326145552560647
600,10,1000,3000,66,913,1005,994,0.9890547263681592,0.9281045751633987
700,1,1000,3000,65,325,1594,900,0.5646173149309912,0.5424954792043399
700,2,1000,3000,97,410,1477,1082,0.7325660121868652,0.6874205844980941
700,3,1000,3000,83,506,1395,1133,0.8121863799283154,0.7665764546684709
700,4,1000,3000,66,575,1343,1167,0.8689501116902457,0.8282469836763662
700,5,1000,3000,68,661,1255,1130,0.900398406374502,0.854119425547997
700,6,1000,3000,70,726,1188,1103,0.9284511784511784,0.8767885532591415
700,7,1000,3000,65,779,1140,1081,0.9482456140350877,0.8970954356846473
700,8,1000,3000,62,822,1100,1068,0.9709090909090909,0.919104991394148
700,9,1000,3000,61,871,1052,1033,0.9819391634980988,0.9281221922731356
700,10,1000,3000,72,913,999,989,0.98998998998999,0.9234360410831
800,1,1000,3000,73,325,1586,897,0.5655737704918032,0.5406871609403255
800,2,1000,3000,96,410,1478,1085,0.7341001353179973,0.6893265565438373
800,3,1000,3000,83,506,1395,1133,0.8121863799283154,0.7665764546684709
800,4,1000,3000,66,575,1343,1167,0.8689501116902457,0.8282469836763662
800,5,1000,3000,68,661,1255,1129,0.899601593625498,0.8533635676492819
800,6,1000,3000,68,726,1190,1105,0.9285714285714286,0.8783783783783784
800,7,1000,3000,63,779,1142,1082,0.9474605954465849,0.8979253112033195
800,8,1000,3000,61,822,1101,1070,0.971843778383288,0.9208261617900172
800,9,1000,3000,59,871,1054,1036,0.9829222011385199,0.9308176100628931
800,10,1000,3000,69,913,1002,991,0.9890219560878244,0.9253034547152195
900,1,1000,3000,75,325,1584,896,0.5656565656565656,0.540084388185654
900,2,1000,3000,98,410,1476,1084,0.7344173441734417,0.6886912325285895
900,3,1000,3000,82,506,1396,1134,0.8123209169054442,0.7672530446549392
900,4,1000,3000,67,575,1342,1164,0.8673621460506706,0.8261178140525195
900,5,1000,3000,70,661,1253,1128,0.9002394253790902,0.8526077097505669
900,6,1000,3000,69,726,1189,1102,0.926829268292683,0.875993640699523
900,7,1000,3000,63,779,1142,1084,0.9492119089316988,0.8995850622406639
900,8,1000,3000,62,822,1100,1070,0.9727272727272728,0.9208261617900172
900,9,1000,3000,58,871,1055,1036,0.9819905213270143,0.9308176100628931
900,10,1000,3000,71,913,1000,989,0.989,0.9234360410831
1000,1,1000,3000,75,325,1584,901,0.5688131313131313,0.5430982519590114
1000,2,1000,3000,99,410,1475,1081,0.7328813559322034,0.6867852604828463
1000,3,1000,3000,82,506,1396,1134,0.8123209169054442,0.7672530446549392
1000,4,1000,3000,66,575,1343,1166,0.8682055100521221,0.8275372604684174
1000,5,1000,3000,69,661,1254,1129,0.9003189792663477,0.8533635676492819
1000,6,1000,3000,70,726,1188,1105,0.9301346801346801,0.8783783783783784
1000,7,1000,3000,68,779,1137,1079,0.9489885664028144,0.8954356846473029
1000,8,1000,3000,69,822,1093,1063,0.9725526075022873,0.9148020654044751
1000,9,1000,3000,62,871,1051,1030,0.9800190294957184,0.9254267744833783
1000,10,1000,3000,71,913,1000,989,0.989,0.9234360410831
2000,1,1000,3000,82,325,1577,919,0.5827520608750792,0.5539481615430982
2000,2,1000,3000,100,410,1474,1081,0.7333785617367707,0.6867852604828463
2000,3,1000,3000,83,506,1395,1133,0.8121863799283154,0.7665764546684709
2000,4,1000,3000,69,575,1340,1163,0.8679104477611941,0.8254080908445706
2000,5,1000,3000,72,661,1251,1127,0.9008792965627498,0.8518518518518519
2000,6,1000,3000,75,726,1183,1099,0.9289940828402367,0.8736089030206677
2000,7,1000,3000,75,779,1130,1070,0.9469026548672567,0.8879668049792531
2000,8,1000,3000,76,822,1086,1056,0.9723756906077348,0.9087779690189329
2000,9,1000,3000,73,871,1040,1018,0.9788461538461538,0.9146451033243486
2000,10,1000,3000,80,913,991,980,0.9889001009081736,0.9150326797385621
3000,1,1000,3000,85,325,1574,927,0.5889453621346887,0.5587703435804702
3000,2,1000,3000,103,410,1471,1079,0.7335146159075459,0.6855146124523507
3000,3,1000,3000,89,506,1389,1126,0.8106551475881929,0.7618403247631935
3000,4,1000,3000,77,575,1332,1154,0.8663663663663663,0.8190205819730305
3000,5,1000,3000,78,661,1245,1121,0.9004016064257028,0.8473167044595616
3000,6,1000,3000,78,726,1180,1096,0.9288135593220339,0.8712241653418124
3000,7,1000,3000,79,779,1126,1066,0.9467140319715808,0.8846473029045643
3000,8,1000,3000,83,822,1079,1050,0.9731232622798888,0.9036144578313253
3000,9,1000,3000,78,871,1035,1015,0.9806763285024155,0.9119496855345912
3000,10,1000,3000,90,913,981,968,0.9867482161060143,0.903828197945845
4000,1,1000,3000,86,325,1573,927,0.589319771137953,0.5587703435804702
4000,2,1000,3000,103,410,1471,1082,0.7355540448674371,0.6874205844980941
4000,3,1000,3000,88,506,1390,1129,0.8122302158273381,0.7638700947225981
4000,4,1000,3000,76,575,1333,1157,0.867966991747937,0.8211497515968772
4000,5,1000,3000,78,661,1245,1120,0.8995983935742972,0.8465608465608465
4000,6,1000,3000,88,726,1170,1086,0.9282051282051282,0.863275039745628
4000,7,1000,3000,88,779,1117,1057,0.946284691136974,0.8771784232365145
4000,8,1000,3000,91,822,1071,1038,0.969187675070028,0.8932874354561101
4000,9,1000,3000,86,871,1027,1005,0.9785783836416748,0.9029649595687331
4000,10,1000,3000,95,913,976,965,0.9887295081967213,0.9010270774976658
5000,1,1000,3000,91,325,1568,929,0.5924744897959183,0.5599758890898131
5000,2,1000,3000,108,410,1466,1078,0.7353342428376535,0.6848792884371029
5000,3,1000,3000,89,506,1389,1125,0.8099352051835853,0.7611637347767253
5000,4,1000,3000,78,575,1331,1154,0.8670172802404207,0.8190205819730305
5000,5,1000,3000,82,661,1241,1116,0.8992747784045125,0.8435374149659864
5000,6,1000,3000,87,726,1171,1086,0.9274124679760888,0.863275039745628
5000,7,1000,3000,89,779,1116,1051,0.9417562724014337,0.8721991701244813
5000,8,1000,3000,94,822,1068,1037,0.9709737827715356,0.8924268502581756
5000,9,1000,3000,89,871,1024,1001,0.9775390625,0.89937106918239
5000,10,1000,3000,103,913,968,956,0.987603305785124,0.892623716153128
6000,1,1000,3000,88,325,1571,934,0.5945257797581158,0.5629897528631705
6000,2,1000,3000,109,410,1465,1074,0.7331058020477815,0.6823379923761118
6000,3,1000,3000,98,506,1380,1119,0.8108695652173913,0.7571041948579161
6000,4,1000,3000,88,575,1321,1142,0.8644965934897805,0.8105039034776437
6000,5,1000,3000,92,661,1231,1105,0.8976441917140536,0.8352229780801209
6000,6,1000,3000,96,726,1162,1073,0.923407917383821,0.8529411764705882
6000,7,1000,3000,104,779,1101,1037,0.9418710263396912,0.8605809128630706
6000,8,1000,3000,106,822,1056,1024,0.9696969696969697,0.8812392426850258
6000,9,1000,3000,104,871,1009,987,0.9781962338949455,0.8867924528301887
6000,10,1000,3000,113,913,958,945,0.9864300626304802,0.8823529411764706
7000,1,1000,3000,91,325,1568,931,0.59375,0.5611814345991561
7000,2,1000,3000,106,410,1468,1082,0.7370572207084468,0.6874205844980941
7000,3,1000,3000,97,506,1381,1118,0.8095582910934106,0.7564276048714479
7000,4,1000,3000,87,575,1322,1145,0.8661119515885023,0.8126330731014905
7000,5,1000,3000,91,661,1232,1108,0.8993506493506493,0.8374905517762661
7000,6,1000,3000,93,726,1165,1079,0.9261802575107296,0.8577106518282989
7000,7,1000,3000,105,779,1100,1036,0.9418181818181818,0.8597510373443984
7000,8,1000,3000,112,822,1050,1018,0.9695238095238096,0.8760757314974182
7000,9,1000,3000,108,871,1005,982,0.9771144278606965,0.8823000898472596
7000,10,1000,3000,126,913,945,932,0.9862433862433863,0.8702147525676938
8000,1,1000,3000,91,325,1568,929,0.5924744897959183,0.5599758890898131
8000,2,1000,3000,107,410,1467,1082,0.7375596455351057,0.6874205844980941
8000,3,1000,3000,96,506,1382,1121,0.8111432706222865,0.7584573748308525
8000,4,1000,3000,88,575,1321,1145,0.8667676003028009,0.8126330731014905
8000,5,1000,3000,93,661,1230,1104,0.8975609756097561,0.8344671201814059
8000,6,1000,3000,107,726,1151,1066,0.9261511728931364,0.8473767885532592
8000,7,1000,3000,104,779,1101,1040,0.9445958219800181,0.8630705394190872
8000,8,1000,3000,111,822,1051,1016,0.966698382492864,0.8743545611015491
8000,9,1000,3000,104,871,1009,984,0.9752229930624381,0.8840970350404312
8000,10,1000,3000,121,913,950,937,0.9863157894736843,0.8748832866479925
9000,1,1000,3000,91,325,1568,933,0.5950255102040817,0.5623869801084991
9000,2,1000,3000,111,410,1463,1078,0.7368421052631579,0.6848792884371029
9000,3,1000,3000,105,506,1373,1108,0.8069919883466861,0.7496617050067659
9000,4,1000,3000,95,575,1314,1134,0.863013698630137,0.8048261178140526
9000,5,1000,3000,98,661,1225,1101,0.8987755102040816,0.8321995464852607
9000,6,1000,3000,105,726,1153,1069,0.9271465741543798,0.8497615262321144
9000,7,1000,3000,110,779,1095,1032,0.9424657534246575,0.8564315352697095
9000,8,1000,3000,129,822,1033,999,0.9670861568247822,0.8597246127366609
9000,9,1000,3000,128,871,985,961,0.9756345177664975,0.8634321653189577
9000,10,1000,3000,144,913,927,913,0.9848975188781014,0.8524743230625583
10000,1,1000,3000,95,325,1564,929,0.5939897698209718,0.5599758890898131
10000,2,1000,3000,115,410,1459,1072,0.7347498286497601,0.6810673443456162
10000,3,1000,3000,101,506,1377,1113,0.8082788671023965,0.7530446549391069
10000,4,1000,3000,93,575,1316,1139,0.8655015197568389,0.808374733853797
10000,5,1000,3000,99,661,1224,1094,0.8937908496732027,0.8269085411942555
10000,6,1000,3000,110,726,1148,1058,0.921602787456446,0.8410174880763116
10000,7,1000,3000,117,779,1088,1020,0.9375,0.8464730290456431
10000,8,1000,3000,130,822,1032,1000,0.9689922480620154,0.8605851979345955
10000,9,1000,3000,130,871,983,959,0.9755849440488301,0.8616352201257862
10000,10,1000,3000,145,913,926,910,0.9827213822894169,0.8496732026143791
11000,1,1000,3000,96,325,1563,925,0.5918106206014075,0.5575647980711271
11000,2,1000,3000,111,410,1463,1074,0.734107997265892,0.6823379923761118
11000,3,1000,3000,98,506,1380,1118,0.8101449275362319,0.7564276048714479
11000,4,1000,3000,99,575,1310,1127,0.8603053435114504,0.7998580553584103
11000,5,1000,3000,100,661,1223,1095,0.8953393295175798,0.8276643990929705
11000,6,1000,3000,110,726,1148,1056,0.9198606271777003,0.8394276629570747
11000,7,1000,3000,124,779,1081,1015,0.938945420906568,0.8423236514522822
11000,8,1000,3000,143,822,1019,988,0.9695780176643768,0.8502581755593803
11000,9,1000,3000,142,871,971,948,0.976313079299691,0.8517520215633423
11000,10,1000,3000,161,913,910,897,0.9857142857142858,0.8375350140056023
12000,1,1000,3000,95,325,1564,928,0.5933503836317136,0.5593731163351416
12000,2,1000,3000,117,410,1457,1067,0.7323266986959506,0.6778907242693774
12000,3,1000,3000,116,506,1362,1101,0.8083700440528634,0.7449255751014885
12000,4,1000,3000,115,575,1294,1115,0.8616692426584235,0.7913413768630234
12000,5,1000,3000,114,661,1209,1081,0.8941273779983457,0.8170823885109599
12000,6,1000,3000,129,726,1129,1040,0.9211691762621789,0.8267090620031796
12000,7,1000,3000,151,779,1054,986,0.9354838709677419,0.8182572614107884
12000,8,1000,3000,159,822,1003,969,0.9661016949152542,0.8339070567986231
12000,9,1000,3000,154,871,959,932,0.9718456725755996,0.8373764600179695
12000,10,1000,3000,161,913,910,896,0.9846153846153847,0.8366013071895425
13000,1,1000,3000,100,325,1559,924,0.5926876202694035,0.5569620253164557
13000,2,1000,3000,115,410,1459,1071,0.7340644276901988,0.6804320203303685
13000,3,1000,3000,109,506,1369,1106,0.8078889700511322,0.7483085250338295
13000,4,1000,3000,104,575,1305,1128,0.864367816091954,0.8005677785663591
13000,5,1000,3000,107,661,1216,1086,0.8930921052631579,0.8208616780045351
13000,6,1000,3000,127,726,1131,1040,0.9195402298850575,0.8267090620031796
13000,7,1000,3000,133,779,1072,1006,0.9384328358208955,0.8348547717842324
13000,8,1000,3000,158,822,1004,968,0.9641434262948207,0.8330464716006885
13000,9,1000,3000,166,871,947,922,0.9736008447729673,0.8283917340521114
13000,10,1000,3000,184,913,887,869,0.979706877113867,0.811391223155929
14000,1,1000,3000,105,325,1554,919,0.5913770913770914,0.5539481615430982
14000,2,1000,3000,114,410,1460,1071,0.7335616438356164,0.6804320203303685
14000,3,1000,3000,109,506,1369,1105,0.8071585098612125,0.7476319350473613
14000,4,1000,3000,113,575,1296,1111,0.8572530864197531,0.7885024840312278
14000,5,1000,3000,127,661,1196,1065,0.8904682274247492,0.8049886621315193
14000,6,1000,3000,126,726,1132,1038,0.9169611307420494,0.8251192368839427
14000,7,1000,3000,144,779,1061,992,0.9349670122525919,0.8232365145228215
14000,8,1000,3000,167,822,995,961,0.9658291457286432,0.8270223752151463
14000,9,1000,3000,168,871,945,919,0.9724867724867725,0.825696316262354
14000,10,1000,3000,187,913,884,866,0.9796380090497737,0.8085901027077498
15000,1,1000,3000,104,325,1555,923,0.5935691318327975,0.5563592525617842
15000,2,1000,3000,124,410,1450,1061,0.7317241379310345,0.6740787801778907
15000,3,1000,3000,110,506,1368,1102,0.8055555555555556,0.7456021650879567
15000,4,1000,3000,116,575,1293,1113,0.8607888631090487,0.7899219304471257
15000,5,1000,3000,136,661,1187,1056,0.8896377422072451,0.7981859410430839
15000,6,1000,3000,149,726,1109,1020,0.9197475202885482,0.8108108108108109
15000,7,1000,3000,153,779,1052,985,0.9363117870722434,0.8174273858921162
15000,8,1000,3000,181,822,981,942,0.9602446483180428,0.810671256454389
15000,9,1000,3000,181,871,932,905,0.971030042918455,0.8131176999101527
15000,10,1000,3000,197,913,874,856,0.9794050343249427,0.7992530345471522
16000,1,1000,3000,99,325,1560,924,0.5923076923076923,0.5569620253164557
16000,2,1000,3000,126,410,1448,1060,0.7320441988950276,0.6734434561626429
16000,3,1000,3000,113,506,1365,1102,0.8073260073260073,0.7456021650879567
16000,4,1000,3000,122,575,1287,1110,0.8624708624708625,0.7877927608232789
16000,5,1000,3000,130,661,1193,1061,0.8893545683151718,0.8019652305366591
16000,6,1000,3000,142,726,1116,1024,0.9175627240143369,0.8139904610492846
16000,7,1000,3000,145,779,1060,994,0.9377358490566038,0.8248962655601659
16000,8,1000,3000,165,822,997,960,0.9628886659979939,0.8261617900172117
16000,9,1000,3000,182,871,931,903,0.9699248120300752,0.8113207547169812
16000,10,1000,3000,192,913,879,862,0.9806598407281001,0.8048552754435108
17000,1,1000,3000,108,325,1551,914,0.5892972275951,0.5509342977697408
17000,2,1000,3000,123,410,1451,1060,0.7305306685044797,0.6734434561626429
17000,3,1000,3000,117,506,1361,1095,0.804555473916238,0.7408660351826793
17000,4,1000,3000,126,575,1283,1099,0.8565861262665627,0.7799858055358411
17000,5,1000,3000,134,661,1189,1057,0.8889823380992431,0.798941798941799
17000,6,1000,3000,147,726,1111,1011,0.90999099909991,0.8036565977742448
17000,7,1000,3000,166,779,1039,969,0.9326275264677575,0.804149377593361
17000,8,1000,3000,197,822,965,925,0.9585492227979274,0.7960413080895009
17000,9,1000,3000,199,871,914,886,0.9693654266958425,0.7960467205750225
17000,10,1000,3000,219,913,852,831,0.9753521126760564,0.7759103641456583
18000,1,1000,3000,97,325,1562,919,0.588348271446863,0.5539481615430982
18000,2,1000,3000,127,410,1447,1057,0.7304768486523843,0.6715374841168996
18000,3,1000,3000,124,506,1354,1087,0.8028064992614475,0.7354533152909337
18000,4,1000,3000,126,575,1283,1100,0.857365549493375,0.7806955287437899
18000,5,1000,3000,144,661,1179,1044,0.8854961832061069,0.7891156462585034
18000,6,1000,3000,156,726,1102,1012,0.9183303085299456,0.8044515103338633
18000,7,1000,3000,182,779,1023,955,0.9335288367546432,0.7925311203319502
18000,8,1000,3000,196,822,966,928,0.9606625258799172,0.7986230636833046
18000,9,1000,3000,210,871,903,877,0.9712070874861573,0.7879604672057502
18000,10,1000,3000,223,913,848,831,0.9799528301886793,0.7759103641456583
19000,1,1000,3000,101,325,1558,920,0.5905006418485238,0.5545509342977697
19000,2,1000,3000,132,410,1442,1053,0.7302357836338419,0.6689961880559085
19000,3,1000,3000,120,506,1358,1090,0.8026509572901326,0.7374830852503383
19000,4,1000,3000,136,575,1273,1083,0.8507462686567164,0.7686302342086586
19000,5,1000,3000,158,661,1165,1032,0.8858369098712446,0.780045351473923
19000,6,1000,3000,165,726,1093,999,0.9139981701738334,0.7941176470588235
19000,7,1000,3000,179,779,1026,957,0.9327485380116959,0.7941908713692946
19000,8,1000,3000,191,822,971,928,0.9557157569515963,0.7986230636833046
19000,9,1000,3000,207,871,906,878,0.9690949227373068,0.788858939802336
19000,10,1000,3000,220,913,851,830,0.9753231492361927,0.7749766573295985
20000,1,1000,3000,103,325,1556,908,0.583547557840617,0.5473176612417119
20000,2,1000,3000,126,410,1448,1055,0.7285911602209945,0.670266836086404
20000,3,1000,3000,134,506,1344,1081,0.8043154761904762,0.7313937753721245
20000,4,1000,3000,137,575,1272,1086,0.8537735849056604,0.7707594038325053
20000,5,1000,3000,145,661,1178,1043,0.8853989813242784,0.7883597883597884
20000,6,1000,3000,154,726,1104,1012,0.9166666666666666,0.8044515103338633
20000,7,1000,3000,164,779,1041,972,0.9337175792507204,0.8066390041493776
20000,8,1000,3000,185,822,977,936,0.9580348004094166,0.8055077452667814
20000,9,1000,3000,187,871,926,896,0.9676025917926566,0.8050314465408805
20000,10,1000,3000,212,913,859,838,0.9755529685681025,0.7824463118580766
21000,1,1000,3000,106,325,1553,912,0.5872504829362524,0.5497287522603979
21000,2,1000,3000,130,410,1444,1048,0.7257617728531855,0.6658195679796697
21000,3,1000,3000,143,506,1335,1071,0.802247191011236,0.7246278755074425
21000,4,1000,3000,154,575,1255,1072,0.8541832669322709,0.7608232789212207
21000,5,1000,3000,159,661,1164,1030,0.8848797250859106,0.7785336356764928
21000,6,1000,3000,169,726,1089,999,0.9173553719008265,0.7941176470588235
21000,7,1000,3000,190,779,1015,945,0.9310344827586207,0.7842323651452282
21000,8,1000,3000,218,822,944,902,0.9555084745762712,0.7762478485370051
21000,9,1000,3000,233,871,880,849,0.9647727272727272,0.7628032345013477
21000,10,1000,3000,261,913,810,790,0.9753086419753086,0.7376283846872083
22000,1,1000,3000,102,325,1557,904,0.5806037251123957,0.5449065702230259
22000,2,1000,3000,126,410,1448,1053,0.7272099447513812,0.6689961880559085
22000,3,1000,3000,121,506,1357,1091,0.8039793662490788,0.7381596752368065
22000,4,1000,3000,136,575,1273,1082,0.8499607227022781,0.7679205110007097
22000,5,1000,3000,152,661,1171,1033,0.8821520068317678,0.780801209372638
22000,6,1000,3000,175,726,1083,984,0.9085872576177285,0.7821939586645469
22000,7,1000,3000,198,779,1007,936,0.929493545183714,0.7767634854771784
22000,8,1000,3000,237,822,925,885,0.9567567567567568,0.7616179001721171
22000,9,1000,3000,246,871,867,839,0.9677047289504037,0.7538185085354897
22000,10,1000,3000,267,913,804,785,0.9763681592039801,0.7329598506069094
23000,1,1000,3000,105,325,1554,910,0.5855855855855856,0.5485232067510548
23000,2,1000,3000,129,410,1445,1049,0.7259515570934256,0.6664548919949174
23000,3,1000,3000,141,506,1337,1070,0.8002991772625281,0.7239512855209743
23000,4,1000,3000,148,575,1261,1073,0.8509119746233148,0.7615330021291696
23000,5,1000,3000,175,661,1148,1016,0.8850174216027874,0.7679516250944822
23000,6,1000,3000,190,726,1068,972,0.9101123595505618,0.7726550079491256
23000,7,1000,3000,182,779,1023,956,0.9345063538611925,0.7933609958506224
23000,8,1000,3000,210,822,952,909,0.9548319327731093,0.7822719449225474
23000,9,1000,3000,218,871,895,863,0.964245810055866,0.7753818508535489
23000,10,1000,3000,235,913,836,815,0.9748803827751196,0.7609710550887021
24000,1,1000,3000,105,325,1554,912,0.5868725868725869,0.5497287522603979
24000,2,1000,3000,136,410,1438,1031,0.7169680111265647,0.6550190597204575
24000,3,1000,3000,151,506,1327,1060,0.79879427279578,0.7171853856562923
24000,4,1000,3000,168,575,1241,1057,0.8517324738114423,0.7501774308019872
24000,5,1000,3000,182,661,1141,1008,0.8834355828220859,0.7619047619047619
24000,6,1000,3000,200,726,1058,963,0.9102079395085066,0.7655007949125596
24000,7,1000,3000,217,779,988,914,0.9251012145748988,0.75850622406639
24000,8,1000,3000,233,822,929,889,0.9569429494079655,0.7650602409638554
24000,9,1000,3000,253,871,860,829,0.963953488372093,0.7448337825696316
24000,10,1000,3000,272,913,799,774,0.9687108886107635,0.7226890756302521
25000,1,1000,3000,127,325,1532,1071,0.6990861618798956,0.6455696202531646
25000,2,1000,3000,163,410,1411,1099,0.778880226789511,0.6982210927573063
25000,3,1000,3000,191,506,1287,1056,0.8205128205128205,0.7144790257104194
25000,4,1000,3000,241,575,1168,1002,0.8578767123287672,0.7111426543647977
25000,5,1000,3000,280,661,1043,918,0.8801534036433365,0.6938775510204082
25000,6,1000,3000,321,726,937,848,0.9050160085378869,0.6740858505564388
25000,7,1000,3000,372,779,833,769,0.9231692677070829,0.6381742738589211
25000,8,1000,3000,399,822,763,722,0.9462647444298821,0.621342512908778
25000,9,1000,3000,432,871,681,649,0.9530102790014684,0.5831087151841868
25000,10,1000,3000,453,913,618,595,0.9627831715210357,0.5555555555555556
26000,1,1000,3000,111,325,1548,886,0.5723514211886305,0.5340566606389391
26000,2,1000,3000,136,410,1438,1036,0.7204450625869263,0.6581956797966964
26000,3,1000,3000,146,506,1332,1064,0.7987987987987988,0.7198917456021651
26000,4,1000,3000,158,575,1251,1065,0.8513189448441247,0.7558552164655784
26000,5,1000,3000,181,661,1142,1002,0.8774080560420315,0.7573696145124716
26000,6,1000,3000,208,726,1050,953,0.9076190476190477,0.7575516693163752
26000,7,1000,3000,239,779,966,894,0.9254658385093167,0.7419087136929461
26000,8,1000,3000,265,822,897,853,0.9509476031215162,0.73407917383821
26000,9,1000,3000,289,871,824,794,0.9635922330097088,0.7133872416891285
26000,10,1000,3000,322,913,749,726,0.9692923898531375,0.6778711484593838
27000,1,1000,3000,116,325,1543,893,0.5787427090084252,0.5382760699216396
27000,2,1000,3000,143,410,1431,1027,0.7176799440950384,0.6524777636594663
27000,3,1000,3000,157,506,1321,1045,0.7910673732021196,0.7070365358592693
27000,4,1000,3000,169,575,1240,1048,0.8451612903225807,0.7437899219304471
27000,5,1000,3000,202,661,1121,981,0.8751115075825157,0.7414965986394558
27000,6,1000,3000,219,726,1039,942,0.9066410009624639,0.7488076311605724
27000,7,1000,3000,235,779,970,898,0.9257731958762887,0.7452282157676349
27000,8,1000,3000,249,822,913,873,0.9561883899233297,0.7512908777969018
27000,9,1000,3000,264,871,849,820,0.9658421672555948,0.7367475292003594
27000,10,1000,3000,296,913,775,752,0.9703225806451613,0.7021475256769374
28000,1,1000,3000,117,325,1542,890,0.5771725032425421,0.5364677516576251
28000,2,1000,3000,131,410,1443,1039,0.72002772002772,0.6601016518424396
28000,3,1000,3000,149,506,1329,1058,0.7960872836719338,0.7158322056833559
28000,4,1000,3000,175,575,1234,1045,0.846839546191248,0.7416607523066004
28000,5,1000,3000,199,661,1124,987,0.8781138790035588,0.746031746031746
28000,6,1000,3000,225,726,1033,933,0.9031945788964182,0.7416534181240063
28000,7,1000,3000,251,779,954,881,0.9234800838574424,0.7311203319502074
28000,8,1000,3000,268,822,894,847,0.9474272930648769,0.7289156626506024
28000,9,1000,3000,278,871,835,800,0.9580838323353293,0.7187780772686433
28000,10,1000,3000,321,913,750,726,0.968,0.6778711484593838
29000,1,1000,3000,121,325,1538,880,0.5721716514954487,0.5304400241109102
29000,2,1000,3000,151,410,1423,1010,0.7097680955727337,0.6416772554002541
29000,3,1000,3000,161,506,1317,1040,0.7896735003796507,0.7036535859269283
29000,4,1000,3000,164,575,1245,1047,0.8409638554216867,0.7430801987224982
29000,5,1000,3000,194,661,1129,988,0.87511071744907,0.7467876039304611
29000,6,1000,3000,224,726,1034,929,0.8984526112185687,0.7384737678855325
29000,7,1000,3000,246,779,959,888,0.9259645464025026,0.7369294605809129
29000,8,1000,3000,270,822,892,846,0.9484304932735426,0.7280550774526678
29000,9,1000,3000,300,871,813,778,0.956949569495695,0.6990116801437556
29000,10,1000,3000,340,913,731,709,0.9699042407660738,0.6619981325863679
30000,1,1000,3000,114,325,1545,884,0.572168284789644,0.5328511151295962
30000,2,1000,3000,149,410,1425,1017,0.7136842105263158,0.6461245235069886
30000,3,1000,3000,148,506,1330,1052,0.7909774436090226,0.7117726657645467
30000,4,1000,3000,169,575,1240,1046,0.8435483870967742,0.7423704755145494
30000,5,1000,3000,203,661,1120,981,0.8758928571428571,0.7414965986394558
30000,6,1000,3000,247,726,1011,910,0.9000989119683481,0.7233704292527822
30000,7,1000,3000,266,779,939,864,0.9201277955271565,0.7170124481327801
30000,8,1000,3000,310,822,852,803,0.9424882629107981,0.6910499139414802
30000,9,1000,3000,335,871,778,743,0.9550128534704371,0.6675651392632524
30000,10,1000,3000,360,913,711,688,0.9676511954992968,0.642390289449113
31000,1,1000,3000,126,325,1533,866,0.5649054142204827,0.5220012055455093
31000,2,1000,3000,152,410,1422,1002,0.7046413502109705,0.636594663278272
31000,3,1000,3000,173,506,1305,1024,0.7846743295019157,0.6928281461434371
31000,4,1000,3000,200,575,1209,1018,0.8420181968569065,0.7224982256919801
31000,5,1000,3000,214,661,1109,970,0.8746618575293057,0.7331821617535903
31000,6,1000,3000,257,726,1001,899,0.8981018981018981,0.7146263910969793
31000,7,1000,3000,294,779,911,838,0.9198682766190999,0.6954356846473029
31000,8,1000,3000,337,822,825,778,0.943030303030303,0.6695352839931153
31000,9,1000,3000,345,871,768,735,0.95703125,0.660377358490566
31000,10,1000,3000,369,913,702,676,0.9629629629629629,0.6311858076563959
32000,1,1000,3000,122,325,1537,877,0.5705920624593364,0.5286317058468957
32000,2,1000,3000,143,410,1431,1025,0.716282320055905,0.6512071156289708
32000,3,1000,3000,159,506,1319,1046,0.7930250189537529,0.7077131258457375
32000,4,1000,3000,183,575,1226,1032,0.8417618270799347,0.7324343506032647
32000,5,1000,3000,212,661,1111,969,0.8721872187218722,0.7324263038548753
32000,6,1000,3000,235,726,1023,913,0.8924731182795699,0.7257551669316376
32000,7,1000,3000,252,779,953,879,0.9223504721930745,0.729460580912863
32000,8,1000,3000,299,822,863,817,0.9466975666280417,0.7030981067125646
32000,9,1000,3000,338,871,775,742,0.9574193548387097,0.6666666666666666
32000,10,1000,3000,357,913,714,689,0.9649859943977591,0.6433239962651728
33000,1,1000,3000,119,325,1540,872,0.5662337662337662,0.5256178420735382
33000,2,1000,3000,152,410,1422,1009,0.709563994374121,0.6410419313850063
33000,3,1000,3000,158,506,1320,1041,0.7886363636363637,0.7043301759133965
33000,4,1000,3000,198,575,1211,1021,0.8431048720066061,0.7246273953158269
33000,5,1000,3000,229,661,1094,955,0.8729433272394881,0.7218442932728647
33000,6,1000,3000,259,726,999,892,0.8928928928928929,0.7090620031796503
33000,7,1000,3000,292,779,913,840,0.9200438116100766,0.6970954356846473
33000,8,1000,3000,323,822,839,792,0.9439809296781884,0.6815834767641996
33000,9,1000,3000,348,871,765,730,0.954248366013072,0.655884995507637
33000,10,1000,3000,386,913,685,660,0.9635036496350365,0.6162464985994398
34000,1,1000,3000,131,325,1528,863,0.5647905759162304,0.5201928872814949
34000,2,1000,3000,161,410,1413,1000,0.7077140835102619,0.6353240152477764
34000,3,1000,3000,168,506,1310,1030,0.7862595419847328,0.6968876860622463
34000,4,1000,3000,186,575,1223,1026,0.83892068683565,0.7281760113555713
34000,5,1000,3000,224,661,1099,960,0.8735213830755232,0.7256235827664399
34000,6,1000,3000,259,726,999,890,0.8908908908908909,0.7074721780604134
34000,7,1000,3000,296,779,909,835,0.9185918591859186,0.6929460580912863
34000,8,1000,3000,349,822,813,760,0.9348093480934809,0.6540447504302926
34000,9,1000,3000,359,871,754,711,0.9429708222811671,0.6388140161725068
34000,10,1000,3000,379,913,692,659,0.9523121387283237,0.61531279178338
35000,1,1000,3000,122,325,1537,875,0.5692908262849707,0.5274261603375527
35000,2,1000,3000,158,410,1416,998,0.7048022598870056,0.6340533672172808
35000,3,1000,3000,186,506,1292,1010,0.781733746130031,0.6833558863328822
35000,4,1000,3000,205,575,1204,1009,0.8380398671096345,0.71611071682044
35000,5,1000,3000,231,661,1092,951,0.8708791208791209,0.7188208616780045
35000,6,1000,3000,246,726,1012,904,0.8932806324110671,0.7186009538950715
35000,7,1000,3000,306,779,899,822,0.914349276974416,0.6821576763485477
35000,8,1000,3000,334,822,828,776,0.9371980676328503,0.6678141135972461
35000,9,1000,3000,359,871,754,713,0.9456233421750663,0.6406109613656783
35000,10,1000,3000,387,913,684,655,0.9576023391812866,0.611577964519141
36000,1,1000,3000,117,325,1542,865,0.5609597924773022,0.5213984327908379
36000,2,1000,3000,154,410,1420,1006,0.7084507042253522,0.639135959339263
36000,3,1000,3000,180,506,1298,1019,0.7850539291217258,0.6894451962110961
36000,4,1000,3000,217,575,1192,998,0.837248322147651,0.7083037615330021
36000,5,1000,3000,236,661,1087,941,0.8656853725850966,0.7112622826908541
36000,6,1000,3000,287,726,971,857,0.88259526261586,0.6812400635930048
36000,7,1000,3000,324,779,881,807,0.9160045402951191,0.6697095435684647
36000,8,1000,3000,353,822,809,761,0.9406674907292955,0.6549053356282272
36000,9,1000,3000,374,871,739,700,0.9472259810554804,0.6289308176100629
36000,10,1000,3000,403,913,668,641,0.9595808383233533,0.5985060690943044
37000,1,1000,3000,130,325,1529,858,0.5611510791366906,0.5171790235081374
37000,2,1000,3000,148,410,1426,998,0.699859747545582,0.6340533672172808
37000,3,1000,3000,163,506,1315,1032,0.7847908745247149,0.6982408660351827
37000,4,1000,3000,184,575,1225,1031,0.8416326530612245,0.7317246273953159
37000,5,1000,3000,231,661,1092,949,0.8690476190476191,0.7173091458805745
37000,6,1000,3000,270,726,988,880,0.8906882591093117,0.699523052464229
37000,7,1000,3000,300,779,905,829,0.9160220994475138,0.6879668049792531
37000,8,1000,3000,347,822,815,763,0.9361963190184049,0.6566265060240963
37000,9,1000,3000,375,871,738,696,0.943089430894309,0.6253369272237197
37000,10,1000,3000,420,913,651,621,0.9539170506912442,0.5798319327731093
38000,1,1000,3000,124,325,1535,859,0.5596091205211726,0.517781796262809
38000,2,1000,3000,171,410,1403,980,0.6985032074126871,0.6226175349428208
38000,3,1000,3000,180,506,1298,1018,0.7842835130970724,0.6887686062246279
38000,4,1000,3000,223,575,1186,978,0.8246205733558178,0.6941092973740242
38000,5,1000,3000,248,661,1075,931,0.866046511627907,0.7037037037037037
38000,6,1000,3000,267,726,991,886,0.8940464177598385,0.7042925278219396
38000,7,1000,3000,296,779,909,832,0.9152915291529153,0.6904564315352697
38000,8,1000,3000,330,822,832,779,0.9362980769230769,0.6703958691910499
38000,9,1000,3000,366,871,747,708,0.9477911646586346,0.6361185983827493
38000,10,1000,3000,392,913,679,652,0.9602356406480118,0.6087768440709617
39000,1,1000,3000,121,325,1538,859,0.55851755526658,0.517781796262809
39000,2,1000,3000,165,410,1409,990,0.7026259758694109,0.6289707750952986
39000,3,1000,3000,182,506,1296,1011,0.7800925925925926,0.6840324763193505
39000,4,1000,3000,212,575,1197,997,0.8329156223893066,0.7075940383250532
39000,5,1000,3000,247,661,1076,933,0.8671003717472119,0.7052154195011338
39000,6,1000,3000,295,726,963,850,0.8826583592938733,0.6756756756756757
39000,7,1000,3000,325,779,880,797,0.9056818181818181,0.6614107883817427
39000,8,1000,3000,375,822,787,737,0.9364675984752223,0.6342512908777969
39000,9,1000,3000,411,871,702,661,0.9415954415954416,0.5938903863432166
39000,10,1000,3000,435,913,636,610,0.9591194968553459,0.5695611577964519
40000,1,1000,3000,125,325,1534,855,0.5573663624511083,0.515370705244123
40000,2,1000,3000,162,410,1412,983,0.6961756373937678,0.6245235069885642
40000,3,1000,3000,185,506,1293,1008,0.7795823665893271,0.6820027063599459
40000,4,1000,3000,219,575,1190,995,0.8361344537815126,0.7061745919091554
40000,5,1000,3000,239,661,1084,943,0.8699261992619927,0.7127739984882842
40000,6,1000,3000,275,726,983,874,0.8891149542217701,0.6947535771065183
40000,7,1000,3000,322,779,883,806,0.912797281993205,0.6688796680497925
40000,8,1000,3000,367,822,795,749,0.9421383647798742,0.6445783132530121
40000,9,1000,3000,402,871,711,676,0.9507735583684951,0.6073674752920036
40000,10,1000,3000,444,913,627,599,0.9553429027113237,0.5592903828197946
41000,1,1000,3000,124,325,1535,848,0.552442996742671,0.5111512959614225
41000,2,1000,3000,170,410,1404,966,0.688034188034188,0.613722998729352
41000,3,1000,3000,203,506,1275,988,0.7749019607843137,0.6684709066305818
41000,4,1000,3000,226,575,1183,986,0.8334742180896028,0.6997870830376153
41000,5,1000,3000,261,661,1062,915,0.8615819209039548,0.691609977324263
41000,6,1000,3000,300,726,958,849,0.8862212943632568,0.6748807631160573
41000,7,1000,3000,356,779,849,769,0.9057714958775029,0.6381742738589211
41000,8,1000,3000,397,822,765,720,0.9411764705882353,0.6196213425129088
41000,9,1000,3000,428,871,685,649,0.9474452554744526,0.5831087151841868
41000,10,1000,3000,466,913,605,578,0.9553719008264463,0.5396825396825397
42000,1,1000,3000,135,325,1524,847,0.5557742782152231,0.510548523206751
42000,2,1000,3000,174,410,1400,965,0.6892857142857143,0.6130876747141042
42000,3,1000,3000,216,506,1262,974,0.7717908082408875,0.6589986468200271
42000,4,1000,3000,254,575,1155,956,0.8277056277056277,0.6784953867991483
42000,5,1000,3000,297,661,1026,880,0.8576998050682261,0.6651549508692366
42000,6,1000,3000,311,726,947,832,0.8785638859556494,0.6613672496025437
42000,7,1000,3000,354,779,851,776,0.9118683901292597,0.6439834024896266
42000,8,1000,3000,408,822,754,703,0.9323607427055703,0.6049913941480206
42000,9,1000,3000,447,871,666,630,0.9459459459459459,0.5660377358490566
42000,10,1000,3000,496,913,575,547,0.951304347826087,0.5107376283846872
43000,1,1000,3000,132,325,1527,843,0.5520628683693517,0.5081374321880651
43000,2,1000,3000,182,410,1392,961,0.6903735632183908,0.6105463786531131
43000,3,1000,3000,200,506,1278,985,0.770735524256651,0.6664411366711772
43000,4,1000,3000,245,575,1164,965,0.8290378006872853,0.6848828956706884
43000,5,1000,3000,278,661,1045,901,0.8622009569377991,0.6810279667422524
43000,6,1000,3000,310,726,948,839,0.8850210970464135,0.6669316375198728
43000,7,1000,3000,362,779,843,764,0.9062870699881376,0.6340248962655601
43000,8,1000,3000,410,822,752,703,0.9348404255319149,0.6049913941480206
43000,9,1000,3000,434,871,679,642,0.9455081001472754,0.5768194070080862
43000,10,1000,3000,466,913,605,575,0.9504132231404959,0.5368814192343604
44000,1,1000,3000,128,325,1531,850,0.5551926845199217,0.5123568414707655
44000,2,1000,3000,164,410,1410,977,0.6929078014184397,0.6207115628970775
44000,3,1000,3000,194,506,1284,996,0.7757009345794392,0.6738836265223275
44000,4,1000,3000,243,575,1166,963,0.8259005145797599,0.6834634492547906
44000,5,1000,3000,286,661,1037,889,0.8572806171648988,0.671957671957672
44000,6,1000,3000,327,726,931,820,0.8807733619763695,0.6518282988871225
44000,7,1000,3000,374,779,831,751,0.9037304452466908,0.6232365145228216
44000,8,1000,3000,415,822,747,698,0.9344042838018741,0.6006884681583476
44000,9,1000,3000,451,871,662,623,0.9410876132930514,0.559748427672956
44000,10,1000,3000,486,913,585,556,0.9504273504273504,0.5191409897292251
45000,1,1000,3000,138,325,1521,835,0.5489809335963182,0.5033152501506932
45000,2,1000,3000,173,410,1401,967,0.6902212705210564,0.6143583227445998
45000,3,1000,3000,213,506,1265,976,0.7715415019762846,0.6603518267929634
45000,4,1000,3000,260,575,1149,949,0.8259355961705831,0.673527324343506
45000,5,1000,3000,304,661,1019,873,0.8567222767419038,0.6598639455782312
45000,6,1000,3000,337,726,921,806,0.8751357220412594,0.6406995230524642
45000,7,1000,3000,392,779,813,734,0.9028290282902829,0.6091286307053941
45000,8,1000,3000,429,822,733,677,0.9236016371077762,0.5826161790017211
45000,9,1000,3000,477,871,636,593,0.9323899371069182,0.5327942497753818
45000,10,1000,3000,515,913,556,524,0.9424460431654677,0.4892623716153128
46000,1,1000,3000,127,325,1532,853,0.5567885117493473,0.5141651597347799
46000,2,1000,3000,180,410,1394,959,0.687948350071736,0.6092757306226175
46000,3,1000,3000,203,506,1275,983,0.7709803921568628,0.6650879566982408
46000,4,1000,3000,245,575,1164,955,0.820446735395189,0.6777856635911994
46000,5,1000,3000,304,661,1019,871,0.8547595682041217,0.6583522297808012
46000,6,1000,3000,344,726,914,801,0.8763676148796499,0.636724960254372
46000,7,1000,3000,377,779,828,747,0.9021739130434783,0.6199170124481328
46000,8,1000,3000,436,822,726,671,0.9242424242424242,0.5774526678141136
46000,9,1000,3000,486,871,627,586,0.9346092503987241,0.5265049415992812
46000,10,1000,3000,519,913,552,523,0.947463768115942,0.488328664799253
47000,1,1000,3000,136,325,1523,834,0.5476034143138543,0.5027124773960217
47000,2,1000,3000,194,410,1380,932,0.6753623188405797,0.5921219822109276
47000,3,1000,3000,229,506,1249,955,0.7646116893514812,0.6461434370771313
47000,4,1000,3000,287,575,1122,918,0.8181818181818182,0.6515259048970902
47000,5,1000,3000,320,661,1003,856,0.8534396809571286,0.6470143613000756
47000,6,1000,3000,351,726,907,794,0.8754134509371555,0.6311605723370429
47000,7,1000,3000,401,779,804,720,0.8955223880597015,0.5975103734439834
47000,8,1000,3000,459,822,703,650,0.9246088193456614,0.5593803786574871
47000,9,1000,3000,491,871,622,584,0.9389067524115756,0.5247079964061097
47000,10,1000,3000,537,913,534,501,0.9382022471910112,0.4677871148459384
48000,1,1000,3000,139,325,1520,842,0.5539473684210526,0.5075346594333936
48000,2,1000,3000,195,410,1379,944,0.6845540246555475,0.5997458703939009
48000,3,1000,3000,233,506,1245,942,0.7566265060240964,0.6373477672530447
48000,4,1000,3000,295,575,1114,909,0.8159784560143627,0.64513839602555
48000,5,1000,3000,329,661,994,851,0.8561368209255533,0.6432350718065004
48000,6,1000,3000,372,726,886,771,0.8702031602708804,0.6128775834658188
48000,7,1000,3000,409,779,796,716,0.8994974874371859,0.5941908713692946
48000,8,1000,3000,456,822,706,652,0.9235127478753541,0.5611015490533563
48000,9,1000,3000,501,871,612,572,0.934640522875817,0.5139263252470799
48000,10,1000,3000,512,913,559,531,0.9499105545617174,0.4957983193277311
49000,1,1000,3000,142,325,1517,830,0.5471324983520105,0.5003013863773358
49000,2,1000,3000,186,410,1388,949,0.6837175792507204,0.6029224904701398
49000,3,1000,3000,235,506,1243,942,0.7578439259855189,0.6373477672530447
49000,4,1000,3000,279,575,1130,920,0.8141592920353983,0.6529453513129879
49000,5,1000,3000,325,661,998,850,0.8517034068136272,0.6424792139077853
49000,6,1000,3000,358,726,900,786,0.8733333333333333,0.6248012718600954
49000,7,1000,3000,434,779,771,689,0.893644617380026,0.5717842323651452
49000,8,1000,3000,494,822,668,614,0.9191616766467066,0.5283993115318416
49000,9,1000,3000,517,871,596,552,0.9261744966442953,0.49595687331536387
49000,10,1000,3000,555,913,516,486,0.9418604651162791,0.453781512605042
50000,1,1000,3000,165,325,1494,1013,0.678045515394913,0.6106088004822182
50000,2,1000,3000,235,410,1339,1010,0.7542942494398805,0.6416772554002541
50000,3,1000,3000,293,506,1185,943,0.7957805907172996,0.6380243572395129
50000,4,1000,3000,389,575,1020,842,0.8254901960784313,0.5975869410929737
50000,5,1000,3000,453,661,870,738,0.8482758620689655,0.5578231292517006
50000,6,1000,3000,497,726,761,656,0.8620236530880421,0.5214626391096979
50000,7,1000,3000,554,779,651,577,0.8863287250384024,0.47883817427385894
50000,8,1000,3000,612,822,550,499,0.9072727272727272,0.4294320137693632
50000,9,1000,3000,654,871,459,420,0.9150326797385621,0.37735849056603776
50000,10,1000,3000,682,913,389,361,0.9280205655526992,0.3370681605975724
51000,1,1000,3000,146,325,1513,828,0.5472571050892266,0.49909584086799275
51000,2,1000,3000,190,410,1384,936,0.6763005780346821,0.5946632782719187
51000,3,1000,3000,239,506,1239,940,0.7586763518966909,0.6359945872801083
51000,4,1000,3000,292,575,1117,905,0.8102059086839749,0.6422995031937544
51000,5,1000,3000,344,661,979,829,0.8467824310520939,0.6266061980347695
51000,6,1000,3000,377,726,881,762,0.8649262202043133,0.6057233704292527
51000,7,1000,3000,425,779,780,698,0.8948717948717949,0.5792531120331951
51000,8,1000,3000,485,822,677,621,0.9172821270310192,0.5344234079173839
51000,9,1000,3000,535,871,578,532,0.9204152249134948,0.4779874213836478
51000,10,1000,3000,573,913,498,463,0.929718875502008,0.4323062558356676
52000,1,1000,3000,150,325,1509,818,0.5420808482438702,0.49306811332127787
52000,2,1000,3000,208,410,1366,925,0.6771595900439239,0.5876747141041931
52000,3,1000,3000,262,506,1216,927,0.7623355263157895,0.6271989174560216
52000,4,1000,3000,311,575,1098,887,0.807832422586521,0.6295244854506742
52000,5,1000,3000,358,661,965,821,0.8507772020725388,0.6205593348450491
52000,6,1000,3000,413,726,845,726,0.8591715976331361,0.5771065182829889
52000,7,1000,3000,468,779,737,658,0.89280868385346,0.546058091286307
52000,8,1000,3000,505,822,657,601,0.9147640791476408,0.5172117039586919
52000,9,1000,3000,551,871,562,519,0.9234875444839857,0.46630727762803237
52000,10,1000,3000,582,913,489,457,0.934560327198364,0.42670401493930904
53000,1,1000,3000,147,325,1512,823,0.5443121693121693,0.4960819770946353
53000,2,1000,3000,193,410,1381,934,0.6763215061549602,0.5933926302414231
53000,3,1000,3000,238,506,1240,945,0.7620967741935484,0.6393775372124493
53000,4,1000,3000,296,575,1113,902,0.8104222821203954,0.6401703335699077
53000,5,1000,3000,346,661,977,834,0.8536335721596725,0.6303854875283447
53000,6,1000,3000,393,726,865,752,0.869364161849711,0.5977742448330684
53000,7,1000,3000,465,779,740,655,0.8851351351351351,0.5435684647302904
53000,8,1000,3000,501,822,661,604,0.913767019667171,0.5197934595524957
53000,9,1000,3000,543,871,570,525,0.9210526315789473,0.4716981132075472
53000,10,1000,3000,587,913,484,449,0.9276859504132231,0.419234360410831
54000,1,1000,3000,148,325,1511,820,0.542686962276638,0.49427365883062085
54000,2,1000,3000,211,410,1363,918,0.673514306676449,0.5832274459974587
54000,3,1000,3000,258,506,1220,919,0.7532786885245901,0.621786197564276
54000,4,1000,3000,329,575,1080,868,0.8037037037037037,0.6160397444996452
54000,5,1000,3000,377,661,946,796,0.8414376321353065,0.6016628873771731
54000,6,1000,3000,416,726,842,729,0.8657957244655582,0.5794912559618441
54000,7,1000,3000,477,779,728,643,0.8832417582417582,0.5336099585062241
54000,8,1000,3000,508,822,654,601,0.918960244648318,0.5172117039586919
54000,9,1000,3000,530,871,583,545,0.934819897084048,0.48966756513926324
54000,10,1000,3000,595,913,476,446,0.9369747899159664,0.41643323996265175
55000,1,1000,3000,145,325,1514,818,0.5402906208718626,0.49306811332127787
55000,2,1000,3000,213,410,1361,920,0.6759735488611315,0.5844980940279543
55000,3,1000,3000,253,506,1225,926,0.7559183673469387,0.6265223274695535
55000,4,1000,3000,319,575,1090,875,0.8027522935779816,0.6210078069552875
55000,5,1000,3000,385,661,938,787,0.8390191897654584,0.5948601662887377
55000,6,1000,3000,439,726,819,703,0.8583638583638583,0.5588235294117647
55000,7,1000,3000,500,779,705,622,0.8822695035460993,0.5161825726141079
55000,8,1000,3000,548,822,614,560,0.9120521172638436,0.4819277108433735
55000,9,1000,3000,571,871,542,501,0.9243542435424354,0.4501347708894879
55000,10,1000,3000,603,913,468,437,0.9337606837606838,0.4080298786181139
56000,1,1000,3000,147,325,1512,822,0.5436507936507936,0.49547920433996384
56000,2,1000,3000,188,410,1386,940,0.6782106782106783,0.5972045743329097
56000,3,1000,3000,244,506,1234,941,0.7625607779578606,0.6366711772665764
56000,4,1000,3000,310,575,1099,888,0.8080072793448589,0.6302342086586231
56000,5,1000,3000,354,661,969,824,0.8503611971104231,0.6228269085411943
56000,6,1000,3000,433,726,825,708,0.8581818181818182,0.5627980922098569
56000,7,1000,3000,483,779,722,634,0.8781163434903048,0.5261410788381743
56000,8,1000,3000,553,822,609,553,0.9080459770114943,0.4759036144578313
56000,9,1000,3000,574,871,539,494,0.9165120593692022,0.44384546271338726
56000,10,1000,3000,600,913,471,438,0.9299363057324841,0.40896358543417366
57000,1,1000,3000,153,325,1506,815,0.5411686586985391,0.4912597950572634
57000,2,1000,3000,216,410,1358,912,0.6715758468335787,0.579415501905972
57000,3,1000,3000,259,506,1219,924,0.7579983593109105,0.625169147496617
57000,4,1000,3000,315,575,1094,874,0.7989031078610603,0.6202980837473385
57000,5,1000,3000,373,661,950,798,0.84,0.6031746031746031
57000,6,1000,3000,432,726,826,707,0.8559322033898306,0.5620031796502385
57000,7,1000,3000,505,779,700,612,0.8742857142857143,0.5078838174273859
57000,8,1000,3000,545,822,617,559,0.9059967585089141,0.4810671256454389
57000,9,1000,3000,570,871,543,498,0.9171270718232044,0.4474393530997305
57000,10,1000,3000,602,913,469,435,0.9275053304904051,0.4061624649859944
58000,1,1000,3000,145,325,1514,820,0.5416116248348745,0.49427365883062085
58000,2,1000,3000,229,410,1345,901,0.6698884758364312,0.5724269377382465
58000,3,1000,3000,291,506,1187,885,0.7455770850884583,0.5987821380243572
58000,4,1000,3000,344,575,1065,847,0.7953051643192488,0.6011355571327183
58000,5,1000,3000,380,661,943,794,0.8419936373276776,0.600151171579743
58000,6,1000,3000,437,726,821,700,0.8526187576126675,0.5564387917329093
58000,7,1000,3000,501,779,704,618,0.8778409090909091,0.512863070539419
58000,8,1000,3000,554,822,608,552,0.9078947368421053,0.4750430292598967
58000,9,1000,3000,600,871,513,470,0.9161793372319688,0.4222821203953279
58000,10,1000,3000,640,913,431,398,0.9234338747099768,0.3716153127917834
59000,1,1000,3000,153,325,1506,813,0.5398406374501992,0.49005424954792043
59000,2,1000,3000,219,410,1355,902,0.6656826568265682,0.5730622617534943
59000,3,1000,3000,284,506,1194,895,0.7495812395309883,0.6055480378890392
59000,4,1000,3000,347,575,1062,849,0.7994350282485876,0.602555003548616
59000,5,1000,3000,396,661,927,779,0.8403451995685005,0.5888133030990174
59000,6,1000,3000,441,726,817,700,0.8567931456548348,0.5564387917329093
59000,7,1000,3000,488,779,717,637,0.8884239888423989,0.5286307053941909
59000,8,1000,3000,535,822,627,570,0.9090909090909091,0.4905335628227194
59000,9,1000,3000,584,871,529,485,0.9168241965973535,0.435759209344115
59000,10,1000,3000,628,913,443,409,0.9232505643340858,0.3818860877684407
60000,1,1000,3000,163,325,1496,801,0.535427807486631,0.48282097649186256
60000,2,1000,3000,228,410,1346,897,0.6664190193164933,0.5698856416772554
60000,3,1000,3000,294,506,1184,882,0.7449324324324325,0.5967523680649527
60000,4,1000,3000,364,575,1045,828,0.7923444976076555,0.5876508161816891
60000,5,1000,3000,394,661,929,783,0.8428417653390743,0.5918367346938775
60000,6,1000,3000,457,726,801,681,0.850187265917603,0.541335453100159
60000,7,1000,3000,521,779,684,595,0.8698830409356725,0.49377593360995853
60000,8,1000,3000,582,822,580,519,0.8948275862068965,0.44664371772805506
60000,9,1000,3000,621,871,492,444,0.9024390243902439,0.39892183288409705
60000,10,1000,3000,638,913,433,399,0.9214780600461894,0.37254901960784315
61000,1,1000,3000,168,325,1491,796,0.533869885982562,0.4798071127185051
61000,2,1000,3000,232,410,1342,892,0.6646795827123696,0.5667090216010165
61000,3,1000,3000,291,506,1187,883,0.7438921651221567,0.5974289580514208
61000,4,1000,3000,371,575,1038,823,0.7928709055876686,0.5841022001419447
61000,5,1000,3000,433,661,890,741,0.8325842696629213,0.5600907029478458
61000,6,1000,3000,489,726,769,652,0.8478543563068921,0.5182829888712241
61000,7,1000,3000,543,779,662,579,0.8746223564954683,0.48049792531120333
61000,8,1000,3000,614,822,548,490,0.8941605839416058,0.42168674698795183
61000,9,1000,3000,641,871,472,419,0.8877118644067796,0.37646001796945194
61000,10,1000,3000,670,913,401,366,0.912718204488778,0.34173669467787116
62000,1,1000,3000,164,325,1495,802,0.5364548494983278,0.48342374924653403
62000,2,1000,3000,244,410,1330,884,0.6646616541353384,0.5616264294790343
62000,3,1000,3000,290,506,1188,885,0.7449494949494949,0.5987821380243572
62000,4,1000,3000,361,575,1048,833,0.7948473282442748,0.5911994322214337
62000,5,1000,3000,401,661,922,775,0.8405639913232104,0.5857898715041572
62000,6,1000,3000,480,726,778,659,0.8470437017994858,0.5238473767885533
62000,7,1000,3000,558,779,647,564,0.8717156105100463,0.46804979253112033
62000,8,1000,3000,626,822,536,478,0.8917910447761194,0.4113597246127367
62000,9,1000,3000,663,871,450,405,0.9,0.3638814016172507
62000,10,1000,3000,691,913,380,346,0.9105263157894737,0.323062558356676
63000,1,1000,3000,158,325,1501,805,0.536309127248501,0.48523206751054854
63000,2,1000,3000,232,410,1342,892,0.6646795827123696,0.5667090216010165
63000,3,1000,3000,293,506,1185,877,0.740084388185654,0.5933694181326117
63000,4,1000,3000,384,575,1025,807,0.7873170731707317,0.5727466288147622
63000,5,1000,3000,426,661,897,749,0.835005574136009,0.5661375661375662
63000,6,1000,3000,482,726,776,655,0.8440721649484536,0.5206677265500795
63000,7,1000,3000,549,779,656,570,0.8689024390243902,0.4730290456431535
63000,8,1000,3000,616,822,546,482,0.8827838827838828,0.41480206540447506
63000,9,1000,3000,639,871,474,424,0.8945147679324894,0.38095238095238093
63000,10,1000,3000,674,913,397,362,0.9118387909319899,0.33800186741363214
64000,1,1000,3000,160,325,1499,808,0.5390260173448966,0.487040385774563
64000,2,1000,3000,236,410,1338,891,0.6659192825112108,0.5660736975857688
64000,3,1000,3000,283,506,1195,889,0.7439330543933055,0.6014884979702301
64000,4,1000,3000,367,575,1042,827,0.7936660268714012,0.5869410929737402
64000,5,1000,3000,413,661,910,762,0.8373626373626374,0.5759637188208617
64000,6,1000,3000,473,726,785,664,0.845859872611465,0.5278219395866455
64000,7,1000,3000,518,779,687,598,0.8704512372634643,0.4962655601659751
64000,8,1000,3000,610,822,552,493,0.8931159420289855,0.4242685025817556
64000,9,1000,3000,648,871,465,421,0.9053763440860215,0.3782569631626235
64000,10,1000,3000,670,913,401,368,0.9177057356608479,0.34360410830999066
65000,1,1000,3000,174,325,1485,785,0.5286195286195287,0.4731766124171187
65000,2,1000,3000,234,410,1340,888,0.6626865671641791,0.5641677255400254
65000,3,1000,3000,306,506,1172,870,0.742320819112628,0.5886332882273342
65000,4,1000,3000,392,575,1017,801,0.7876106194690266,0.5684882895670689
65000,5,1000,3000,448,661,875,726,0.8297142857142857,0.5487528344671202
65000,6,1000,3000,503,726,755,636,0.8423841059602649,0.505564387917329
65000,7,1000,3000,547,779,658,572,0.8693009118541033,0.4746887966804979
65000,8,1000,3000,618,822,544,478,0.8786764705882353,0.4113597246127367
65000,9,1000,3000,654,871,459,412,0.8976034858387799,0.3701707097933513
65000,10,1000,3000,679,913,392,354,0.9030612244897959,0.33053221288515405
66000,1,1000,3000,165,325,1494,799,0.534805890227577,0.4816154309825196
66000,2,1000,3000,235,410,1339,892,0.666168782673637,0.5667090216010165
66000,3,1000,3000,311,506,1167,866,0.7420736932305055,0.5859269282814614
66000,4,1000,3000,393,575,1016,801,0.7883858267716536,0.5684882895670689
66000,5,1000,3000,454,661,869,720,0.8285385500575374,0.54421768707483
66000,6,1000,3000,517,726,741,623,0.8407557354925776,0.49523052464228934
66000,7,1000,3000,576,779,629,541,0.8600953895071543,0.44896265560165977
66000,8,1000,3000,625,822,537,479,0.8919925512104283,0.41222030981067126
66000,9,1000,3000,666,871,447,402,0.8993288590604027,0.3611859838274933
66000,10,1000,3000,704,913,367,332,0.9046321525885559,0.3099906629318394
67000,1,1000,3000,166,325,1493,797,0.5338245144005358,0.4804098854731766
67000,2,1000,3000,245,410,1329,879,0.6613995485327314,0.5584498094027954
67000,3,1000,3000,320,506,1158,855,0.7383419689119171,0.5784844384303113
67000,4,1000,3000,389,575,1020,803,0.7872549019607843,0.5699077359829666
67000,5,1000,3000,445,661,878,730,0.8314350797266514,0.5517762660619804
67000,6,1000,3000,496,726,762,642,0.84251968503937,0.5103338632750397
67000,7,1000,3000,544,779,661,572,0.8653555219364599,0.4746887966804979
67000,8,1000,3000,609,822,553,493,0.891500904159132,0.4242685025817556
67000,9,1000,3000,664,871,449,400,0.89086859688196,0.35938903863432164
67000,10,1000,3000,711,913,360,323,0.8972222222222223,0.30158730158730157
68000,1,1000,3000,172,325,1487,792,0.5326160053799597,0.47739602169981915
68000,2,1000,3000,242,410,1332,884,0.6636636636636637,0.5616264294790343
68000,3,1000,3000,309,506,1169,867,0.7416595380667237,0.5866035182679297
68000,4,1000,3000,395,575,1014,793,0.782051282051282,0.5628105039034776
68000,5,1000,3000,471,661,852,700,0.8215962441314554,0.5291005291005291
68000,6,1000,3000,539,726,719,599,0.8331015299026425,0.47615262321144675
68000,7,1000,3000,604,779,601,514,0.8552412645590682,0.42655601659751036
68000,8,1000,3000,665,822,497,436,0.8772635814889336,0.37521514629948366
68000,9,1000,3000,691,871,422,371,0.8791469194312796,0.3333333333333333
68000,10,1000,3000,709,913,362,324,0.8950276243093923,0.3025210084033613
69000,1,1000,3000,169,325,1490,795,0.5335570469798657,0.47920433996383366
69000,2,1000,3000,255,410,1319,870,0.6595905989385898,0.5527318932655655
69000,3,1000,3000,331,506,1147,842,0.7340889276373147,0.5696887686062246
69000,4,1000,3000,409,575,1000,782,0.782,0.5550035486160397
69000,5,1000,3000,480,661,843,692,0.8208778173190985,0.5230536659108088
69000,6,1000,3000,539,726,719,599,0.8331015299026425,0.47615262321144675
69000,7,1000,3000,597,779,608,517,0.850328947368421,0.42904564315352695
69000,8,1000,3000,656,822,506,443,0.8754940711462451,0.3812392426850258
69000,9,1000,3000,697,871,416,366,0.8798076923076923,0.3288409703504043
69000,10,1000,3000,738,913,333,299,0.8978978978978979,0.2791783380018674
70000,1,1000,3000,172,325,1487,796,0.535305985205111,0.4798071127185051
70000,2,1000,3000,250,410,1324,874,0.6601208459214502,0.5552731893265566
70000,3,1000,3000,337,506,1141,838,0.7344434706397897,0.5669824086603519
70000,4,1000,3000,414,575,995,773,0.7768844221105528,0.5486160397444997
70000,5,1000,3000,491,661,832,681,0.8185096153846154,0.5147392290249433
70000,6,1000,3000,546,726,712,588,0.8258426966292135,0.46740858505564387
70000,7,1000,3000,612,779,593,505,0.851602023608769,0.4190871369294606
70000,8,1000,3000,666,822,496,428,0.8629032258064516,0.3683304647160069
70000,9,1000,3000,694,871,419,368,0.8782816229116945,0.3306379155435759
70000,10,1000,3000,715,913,356,317,0.8904494382022472,0.29598506069094305
71000,1,1000,3000,168,325,1491,792,0.5311871227364185,0.47739602169981915
71000,2,1000,3000,250,410,1324,874,0.6601208459214502,0.5552731893265566
71000,3,1000,3000,336,506,1142,842,0.7373029772329247,0.5696887686062246
71000,4,1000,3000,414,575,995,776,0.7798994974874371,0.5507452093683464
71000,5,1000,3000,476,661,847,699,0.8252656434474617,0.528344671201814
71000,6,1000,3000,545,726,713,591,0.8288920056100981,0.4697933227344992
71000,7,1000,3000,603,779,602,513,0.8521594684385382,0.42572614107883816
71000,8,1000,3000,670,822,492,429,0.8719512195121951,0.36919104991394147
71000,9,1000,3000,713,871,400,353,0.8825,0.31716082659478884
71000,10,1000,3000,752,913,319,280,0.877742946708464,0.26143790849673204
72000,1,1000,3000,169,325,1490,793,0.5322147651006711,0.47799879445449067
72000,2,1000,3000,261,410,1313,869,0.6618431073876618,0.5520965692503177
72000,3,1000,3000,345,506,1133,829,0.7316857899382171,0.560893098782138
72000,4,1000,3000,432,575,977,756,0.7737973387922211,0.5365507452093683
72000,5,1000,3000,493,661,830,681,0.8204819277108434,0.5147392290249433
72000,6,1000,3000,560,726,698,577,0.826647564469914,0.45866454689984104
72000,7,1000,3000,614,779,591,500,0.8460236886632826,0.4149377593360996
72000,8,1000,3000,696,822,466,400,0.8583690987124464,0.3442340791738382
72000,9,1000,3000,721,871,392,343,0.875,0.3081761006289308
72000,10,1000,3000,758,913,313,275,0.8785942492012779,0.2567693744164332
73000,1,1000,3000,188,325,1471,774,0.5261726716519375,0.4665461121157324
73000,2,1000,3000,277,410,1297,846,0.6522744795682344,0.5374841168996188
73000,3,1000,3000,355,506,1123,818,0.7284060552092609,0.5534506089309879
73000,4,1000,3000,438,575,971,751,0.7734294541709578,0.5330021291696239
73000,5,1000,3000,493,661,830,680,0.8192771084337349,0.5139833711262283
73000,6,1000,3000,568,726,690,567,0.8217391304347826,0.4507154213036566
73000,7,1000,3000,636,779,569,480,0.843585237258348,0.3983402489626556
73000,8,1000,3000,705,822,457,393,0.8599562363238512,0.33820998278829606
73000,9,1000,3000,734,871,379,328,0.8654353562005277,0.29469901168014373
73000,10,1000,3000,750,913,321,284,0.8847352024922118,0.26517273576097106
74000,1,1000,3000,176,325,1483,790,0.5327039784221174,0.47619047619047616
74000,2,1000,3000,254,410,1320,870,0.6590909090909091,0.5527318932655655
74000,3,1000,3000,358,506,1120,814,0.7267857142857143,0.550744248985115
74000,4,1000,3000,422,575,987,767,0.7771023302938197,0.5443577004968062
74000,5,1000,3000,491,661,832,682,0.8197115384615384,0.5154950869236583
74000,6,1000,3000,560,726,698,578,0.828080229226361,0.4594594594594595
74000,7,1000,3000,611,779,594,507,0.8535353535353535,0.420746887966805
74000,8,1000,3000,674,822,488,425,0.8709016393442623,0.3657487091222031
74000,9,1000,3000,702,871,411,360,0.8759124087591241,0.32345013477088946
74000,10,1000,3000,727,913,344,306,0.8895348837209303,0.2857142857142857
75000,1,1000,3000,206,325,1453,968,0.666207845836201,0.5834840265220012
75000,2,1000,3000,344,410,1230,896,0.7284552845528456,0.5692503176620076
75000,3,1000,3000,478,506,1000,756,0.756,0.5115020297699594
75000,4,1000,3000,579,575,830,646,0.7783132530120482,0.45848119233498935
75000,5,1000,3000,660,661,663,529,0.7978883861236803,0.399848828420257
75000,6,1000,3000,724,726,534,423,0.7921348314606742,0.33624801271860094
75000,7,1000,3000,792,779,413,333,0.8062953995157385,0.27634854771784234
75000,8,1000,3000,817,822,345,290,0.8405797101449275,0.2495697074010327
75000,9,1000,3000,814,871,299,255,0.8528428093645485,0.22911051212938005
75000,10,1000,3000,821,913,250,214,0.856,0.19981325863678806
76000,1,1000,3000,189,325,1470,774,0.5265306122448979,0.4665461121157324
76000,2,1000,3000,279,410,1295,844,0.6517374517374518,0.5362134688691232
76000,3,1000,3000,348,506,1130,827,0.731858407079646,0.5595399188092016
76000,4,1000,3000,453,575,956,736,0.7698744769874477,0.5223562810503903
76000,5,1000,3000,510,661,813,662,0.8142681426814268,0.5003779289493575
76000,6,1000,3000,551,726,707,588,0.8316831683168316,0.46740858505564387
76000,7,1000,3000,636,779,569,482,0.8471001757469244,0.4
76000,8,1000,3000,722,822,440,376,0.8545454545454545,0.32358003442340794
76000,9,1000,3000,746,871,367,319,0.8692098092643051,0.2866127583108715
76000,10,1000,3000,762,913,309,269,0.8705501618122977,0.2511671335200747
77000,1,1000,3000,185,325,1474,776,0.5264586160108549,0.46775165762507537
77000,2,1000,3000,284,410,1290,842,0.6527131782945736,0.5349428208386277
77000,3,1000,3000,387,506,1091,791,0.7250229147571036,0.5351826792963464
77000,4,1000,3000,474,575,935,722,0.772192513368984,0.5124201561391057
77000,5,1000,3000,534,661,789,642,0.8136882129277566,0.4852607709750567
77000,6,1000,3000,588,726,670,550,0.8208955223880597,0.43720190779014306
77000,7,1000,3000,657,779,548,462,0.843065693430657,0.38340248962655604
77000,8,1000,3000,712,822,450,387,0.86,0.33304647160068845
77000,9,1000,3000,741,871,372,324,0.8709677419354839,0.29110512129380056
77000,10,1000,3000,764,913,307,268,0.8729641693811075,0.25023342670401494
78000,1,1000,3000,179,325,1480,779,0.5263513513513514,0.4695599758890898
78000,2,1000,3000,282,410,1292,843,0.6524767801857585,0.5355781448538754
78000,3,1000,3000,380,506,1098,793,0.7222222222222222,0.5365358592692828
78000,4,1000,3000,453,575,956,734,0.7677824267782427,0.5209368346344926
78000,5,1000,3000,516,661,807,656,0.8128872366790583,0.4958427815570673
78000,6,1000,3000,592,726,666,544,0.8168168168168168,0.43243243243243246
78000,7,1000,3000,683,779,522,432,0.8275862068965517,0.35850622406639004
78000,8,1000,3000,758,822,404,340,0.8415841584158416,0.29259896729776247
78000,9,1000,3000,806,871,307,256,0.8338762214983714,0.23000898472596587
78000,10,1000,3000,800,913,271,232,0.8560885608856088,0.2166199813258637
79000,1,1000,3000,176,325,1483,785,0.5293324342548887,0.4731766124171187
79000,2,1000,3000,282,410,1292,841,0.6509287925696594,0.53430749682338
79000,3,1000,3000,392,506,1086,779,0.7173112338858195,0.527063599458728
79000,4,1000,3000,486,575,923,705,0.7638136511375948,0.5003548616039745
79000,5,1000,3000,558,661,765,616,0.8052287581699347,0.4656084656084656
79000,6,1000,3000,618,726,640,519,0.8109375,0.41255961844197137
79000,7,1000,3000,693,779,512,427,0.833984375,0.35435684647302906
79000,8,1000,3000,754,822,408,345,0.8455882352941176,0.29690189328743544
79000,9,1000,3000,776,871,337,287,0.8516320474777448,0.2578616352201258
79000,10,1000,3000,788,913,283,245,0.8657243816254417,0.22875816993464052
80000,1,1000,3000,182,325,1477,778,0.5267433987813135,0.4689572031344183
80000,2,1000,3000,290,410,1284,832,0.6479750778816199,0.5285895806861499
80000,3,1000,3000,388,506,1090,790,0.7247706422018348,0.5345060893098782
80000,4,1000,3000,489,575,920,703,0.7641304347826087,0.49893541518807666
80000,5,1000,3000,556,661,767,620,0.8083441981747066,0.46863189720332576
80000,6,1000,3000,617,726,641,520,0.8112324492979719,0.4133545310015898
80000,7,1000,3000,674,779,531,443,0.8342749529190208,0.36763485477178426
80000,8,1000,3000,726,822,436,371,0.8509174311926605,0.3192771084337349
80000,9,1000,3000,748,871,365,317,0.8684931506849315,0.28481581311769993
80000,10,1000,3000,764,913,307,271,0.8827361563517915,0.2530345471521942
81000,1,1000,3000,193,325,1466,764,0.5211459754433834,0.4605183845690175
81000,2,1000,3000,304,410,1270,817,0.6433070866141732,0.5190597204574333
81000,3,1000,3000,401,506,1077,772,0.7168059424326834,0.5223274695534507
81000,4,1000,3000,502,575,907,688,0.7585446527012127,0.48828956706884313
81000,5,1000,3000,568,661,755,604,0.8,0.4565381708238851
81000,6,1000,3000,632,726,626,506,0.8083067092651757,0.40222575516693165
81000,7,1000,3000,695,779,510,420,0.8235294117647058,0.34854771784232363
81000,8,1000,3000,725,822,437,371,0.8489702517162472,0.3192771084337349
81000,9,1000,3000,768,871,345,296,0.8579710144927536,0.265947888589398
81000,10,1000,3000,801,913,270,233,0.8629629629629629,0.21755368814192344
82000,1,1000,3000,228,325,1431,945,0.660377358490566,0.569620253164557
82000,2,1000,3000,379,410,1195,857,0.7171548117154811,0.5444726810673444
82000,3,1000,3000,496,506,982,734,0.7474541751527495,0.496617050067659
82000,4,1000,3000,641,575,768,582,0.7578125,0.41305890702625975
82000,5,1000,3000,715,661,608,473,0.7779605263157895,0.35752078609221466
82000,6,1000,3000,789,726,469,358,0.7633262260127932,0.2845786963434022
82000,7,1000,3000,829,779,376,296,0.7872340425531915,0.24564315352697094
82000,8,1000,3000,868,822,294,230,0.782312925170068,0.19793459552495696
82000,9,1000,3000,858,871,255,206,0.807843137254902,0.18508535489667566
82000,10,1000,3000,865,913,206,172,0.8349514563106796,0.16059757236227826
83000,1,1000,3000,204,325,1455,755,0.5189003436426117,0.4550934297769741
83000,2,1000,3000,301,410,1273,823,0.6465043205027494,0.52287166454892
83000,3,1000,3000,374,506,1104,797,0.7219202898550725,0.5392422192151556
83000,4,1000,3000,498,575,911,693,0.7607025246981339,0.4918381831085876
83000,5,1000,3000,569,661,754,604,0.8010610079575596,0.4565381708238851
83000,6,1000,3000,647,726,611,490,0.8019639934533551,0.38950715421303655
83000,7,1000,3000,711,779,494,407,0.8238866396761133,0.3377593360995851
83000,8,1000,3000,763,822,399,333,0.8345864661654135,0.28657487091222034
83000,9,1000,3000,779,871,334,283,0.8473053892215568,0.25426774483378256
83000,10,1000,3000,795,913,276,236,0.855072463768116,0.2203548085901027
84000,1,1000,3000,193,325,1466,769,0.524556616643929,0.46353224834237494
84000,2,1000,3000,310,410,1264,814,0.6439873417721519,0.5171537484116899
84000,3,1000,3000,405,506,1073,768,0.7157502329916123,0.5196211096075778
84000,4,1000,3000,528,575,881,658,0.7468785471055619,0.46699787083037614
84000,5,1000,3000,588,661,735,582,0.7918367346938775,0.4399092970521542
84000,6,1000,3000,657,726,601,480,0.7986688851913477,0.3815580286168522
84000,7,1000,3000,715,779,490,403,0.8224489795918367,0.33443983402489624
84000,8,1000,3000,782,822,380,317,0.8342105263157895,0.2728055077452668
84000,9,1000,3000,801,871,312,259,0.8301282051282052,0.23270440251572327
84000,10,1000,3000,818,913,253,213,0.841897233201581,0.19887955182072828
85000,1,1000,3000,219,325,1440,743,0.5159722222222223,0.4478601567209162
85000,2,1000,3000,315,410,1259,805,0.6393963463065926,0.51143583227446
85000,3,1000,3000,425,506,1053,752,0.7141500474833808,0.5087956698240866
85000,4,1000,3000,534,575,875,655,0.7485714285714286,0.46486870120652946
85000,5,1000,3000,596,661,727,575,0.7909215955983494,0.4346182917611489
85000,6,1000,3000,659,726,599,477,0.7963272120200334,0.37917329093799684
85000,7,1000,3000,730,779,475,385,0.8105263157894737,0.31950207468879666
85000,8,1000,3000,783,822,379,312,0.8232189973614775,0.2685025817555938
85000,9,1000,3000,815,871,298,250,0.8389261744966443,0.22461814914645103
85000,10,1000,3000,813,913,258,216,0.8372093023255814,0.20168067226890757
86000,1,1000,3000,206,325,1453,755,0.5196145905024088,0.4550934297769741
86000,2,1000,3000,301,410,1273,821,0.6449332285938727,0.5216010165184244
86000,3,1000,3000,395,506,1083,777,0.7174515235457064,0.5257104194857916
86000,4,1000,3000,501,575,908,688,0.7577092511013216,0.48828956706884313
86000,5,1000,3000,579,661,744,597,0.8024193548387096,0.4512471655328798
86000,6,1000,3000,652,726,606,485,0.8003300330033003,0.38553259141494434
86000,7,1000,3000,725,779,480,391,0.8145833333333333,0.3244813278008299
86000,8,1000,3000,776,822,386,322,0.8341968911917098,0.27710843373493976
86000,9,1000,3000,791,871,322,271,0.8416149068322981,0.24348607367475292
86000,10,1000,3000,806,913,265,225,0.8490566037735849,0.21008403361344538
87000,1,1000,3000,210,325,1449,747,0.515527950310559,0.45027124773960214
87000,2,1000,3000,301,410,1273,819,0.6433621366849961,0.5203303684879288
87000,3,1000,3000,408,506,1070,759,0.7093457943925233,0.513531799729364
87000,4,1000,3000,529,575,880,661,0.7511363636363636,0.4691270404542229
87000,5,1000,3000,604,661,719,569,0.7913769123783032,0.43008314436885864
87000,6,1000,3000,681,726,577,456,0.7902946273830156,0.3624801271860095
87000,7,1000,3000,747,779,458,370,0.8078602620087336,0.3070539419087137
87000,8,1000,3000,791,822,371,306,0.8247978436657682,0.2633390705679862
87000,9,1000,3000,813,871,300,247,0.8233333333333334,0.22192273135669363
87000,10,1000,3000,824,913,247,208,0.8421052631578947,0.1942110177404295
88000,1,1000,3000,209,325,1450,752,0.5186206896551724,0.45328511151295964
88000,2,1000,3000,318,410,1256,803,0.6393312101910829,0.5101651842439644
88000,3,1000,3000,429,506,1049,747,0.7121067683508103,0.5054127198917456
88000,4,1000,3000,547,575,862,641,0.7436194895591647,0.45493257629524486
88000,5,1000,3000,626,661,697,545,0.7819225251076041,0.41194255479969766
88000,6,1000,3000,677,726,581,459,0.7900172117039587,0.36486486486486486
88000,7,1000,3000,745,779,460,370,0.8043478260869565,0.3070539419087137
88000,8,1000,3000,804,822,358,291,0.8128491620111732,0.2504302925989673
88000,9,1000,3000,823,871,290,243,0.8379310344827586,0.2183288409703504
88000,10,1000,3000,838,913,233,196,0.8412017167381974,0.1830065359477124
89000,1,1000,3000,205,325,1454,753,0.5178817056396149,0.4538878842676311
89000,2,1000,3000,310,410,1264,815,0.6447784810126582,0.5177890724269377
89000,3,1000,3000,428,506,1050,744,0.7085714285714285,0.503382949932341
89000,4,1000,3000,547,575,862,641,0.7436194895591647,0.45493257629524486
89000,5,1000,3000,617,661,706,551,0.7804532577903682,0.41647770219198793
89000,6,1000,3000,699,726,559,438,0.7835420393559929,0.3481717011128776
89000,7,1000,3000,756,779,449,359,0.799554565701559,0.2979253112033195
89000,8,1000,3000,791,822,371,302,0.8140161725067385,0.25989672977624784
89000,9,1000,3000,801,871,312,259,0.8301282051282052,0.23270440251572327
89000,10,1000,3000,814,913,257,219,0.8521400778210116,0.20448179271708683
90000,1,1000,3000,213,325,1446,746,0.5159059474412172,0.4496684749849307
90000,2,1000,3000,319,410,1255,801,0.6382470119521912,0.5088945362134689
90000,3,1000,3000,436,506,1042,736,0.7063339731285988,0.4979702300405954
90000,4,1000,3000,531,575,878,659,0.7505694760820045,0.46770759403832507
90000,5,1000,3000,635,661,688,537,0.7805232558139535,0.40589569160997735
90000,6,1000,3000,702,726,556,433,0.7787769784172662,0.3441971383147854
90000,7,1000,3000,755,779,450,361,0.8022222222222222,0.2995850622406639
90000,8,1000,3000,812,822,350,282,0.8057142857142857,0.24268502581755594
90000,9,1000,3000,833,871,280,228,0.8142857142857143,0.20485175202156333
90000,10,1000,3000,836,913,235,195,0.8297872340425532,0.18207282913165265
91000,1,1000,3000,202,325,1457,757,0.5195607412491421,0.4562989752863171
91000,2,1000,3000,322,410,1252,801,0.639776357827476,0.5088945362134689
91000,3,1000,3000,435,506,1043,736,0.7056567593480345,0.4979702300405954
91000,4,1000,3000,581,575,828,610,0.7367149758454107,0.43293115684882894
91000,5,1000,3000,650,661,673,521,0.774145616641902,0.3938019652305367
91000,6,1000,3000,716,726,542,420,0.7749077490774908,0.3338632750397456
91000,7,1000,3000,768,779,437,346,0.7917620137299771,0.2871369294605809
91000,8,1000,3000,806,822,356,288,0.8089887640449438,0.24784853700516352
91000,9,1000,3000,825,871,288,237,0.8229166666666666,0.21293800539083557
91000,10,1000,3000,835,913,236,198,0.8389830508474576,0.18487394957983194
92000,1,1000,3000,205,325,1454,754,0.5185694635488308,0.45449065702230257
92000,2,1000,3000,334,410,1240,787,0.6346774193548387,0.5
92000,3,1000,3000,442,506,1036,731,0.7055984555984556,0.4945872801082544
92000,4,1000,3000,559,575,850,632,0.7435294117647059,0.44854506742370476
92000,5,1000,3000,637,661,686,536,0.7813411078717201,0.4051398337112623
92000,6,1000,3000,710,726,548,426,0.7773722627737226,0.3386327503974563
92000,7,1000,3000,777,779,428,338,0.7897196261682243,0.2804979253112033
92000,8,1000,3000,835,822,327,261,0.7981651376146789,0.22461273666092943
92000,9,1000,3000,830,871,283,234,0.8268551236749117,0.21024258760107817
92000,10,1000,3000,833,913,238,198,0.8319327731092437,0.18487394957983194
93000,1,1000,3000,217,325,1442,742,0.5145631067961165,0.4472573839662447
93000,2,1000,3000,355,410,1219,767,0.6292042657916325,0.4872935196950445
93000,3,1000,3000,461,506,1017,712,0.7000983284169124,0.4817320703653586
93000,4,1000,3000,584,575,825,606,0.7345454545454545,0.4300922640170334
93000,5,1000,3000,655,661,668,515,0.7709580838323353,0.3892668178382464
93000,6,1000,3000,724,726,534,411,0.7696629213483146,0.3267090620031797
93000,7,1000,3000,787,779,418,331,0.7918660287081339,0.27468879668049795
93000,8,1000,3000,834,822,328,265,0.8079268292682927,0.22805507745266781
93000,9,1000,3000,837,871,276,228,0.8260869565217391,0.20485175202156333
93000,10,1000,3000,834,913,237,196,0.8270042194092827,0.1830065359477124
94000,1,1000,3000,224,325,1435,736,0.5128919860627178,0.4436407474382158
94000,2,1000,3000,345,410,1229,775,0.6305939788445891,0.4923761118170267
94000,3,1000,3000,464,506,1014,707,0.6972386587771203,0.4783491204330176
94000,4,1000,3000,581,575,828,609,0.7355072463768116,0.43222143364088006
94000,5,1000,3000,650,661,673,522,0.7756315007429421,0.3945578231292517
94000,6,1000,3000,723,726,535,414,0.7738317757009345,0.32909379968203495
94000,7,1000,3000,792,779,413,322,0.7796610169491526,0.2672199170124481
94000,8,1000,3000,834,822,328,261,0.7957317073170732,0.22461273666092943
94000,9,1000,3000,840,871,273,222,0.8131868131868132,0.19946091644204852
94000,10,1000,3000,853,913,218,178,0.8165137614678899,0.16619981325863678
95000,1,1000,3000,213,325,1446,743,0.5138312586445366,0.4478601567209162
95000,2,1000,3000,341,410,1233,783,0.635036496350365,0.4974587039390089
95000,3,1000,3000,467,506,1011,703,0.695351137487636,0.47564276048714477
95000,4,1000,3000,603,575,806,586,0.7270471464019851,0.41589779985805536
95000,5,1000,3000,676,661,647,497,0.768160741885626,0.37566137566137564
95000,6,1000,3000,756,726,502,380,0.7569721115537849,0.302066772655008
95000,7,1000,3000,790,779,415,325,0.7831325301204819,0.2697095435684647
95000,8,1000,3000,850,822,312,244,0.782051282051282,0.2099827882960413
95000,9,1000,3000,849,871,264,210,0.7954545454545454,0.18867924528301888
95000,10,1000,3000,854,913,217,179,0.8248847926267281,0.16713352007469653
96000,1,1000,3000,234,325,1425,725,0.5087719298245614,0.4370102471368294
96000,2,1000,3000,363,410,1211,757,0.6251032204789431,0.4809402795425667
96000,3,1000,3000,481,506,997,689,0.691073219658977,0.46617050067659
96000,4,1000,3000,599,575,810,589,0.7271604938271605,0.41802696948190204
96000,5,1000,3000,646,661,677,528,0.7799113737075333,0.39909297052154197
96000,6,1000,3000,731,726,527,403,0.7647058823529411,0.3203497615262321
96000,7,1000,3000,804,779,401,312,0.7780548628428927,0.25892116182572616
96000,8,1000,3000,836,822,326,258,0.7914110429447853,0.22203098106712565
96000,9,1000,3000,848,871,265,210,0.7924528301886793,0.18867924528301888
96000,10,1000,3000,846,913,225,188,0.8355555555555556,0.17553688141923435
97000,1,1000,3000,215,325,1444,741,0.5131578947368421,0.44665461121157324
97000,2,1000,3000,353,410,1221,770,0.6306306306306306,0.4891994917407878
97000,3,1000,3000,470,506,1008,700,0.6944444444444444,0.4736129905277402
97000,4,1000,3000,587,575,822,603,0.7335766423357665,0.42796309439318664
97000,5,1000,3000,664,661,659,509,0.7723823975720789,0.3847316704459562
97000,6,1000,3000,736,726,522,403,0.7720306513409961,0.3203497615262321
97000,7,1000,3000,801,779,404,317,0.7846534653465347,0.26307053941908715
97000,8,1000,3000,850,822,312,245,0.7852564102564102,0.21084337349397592
97000,9,1000,3000,839,871,274,222,0.8102189781021898,0.19946091644204852
97000,10,1000,3000,853,913,218,177,0.8119266055045872,0.16526610644257703
98000,1,1000,3000,238,325,1421,723,0.5087966220971147,0.4358047016274864
98000,2,1000,3000,355,410,1219,768,0.6300246103363413,0.48792884371029227
98000,3,1000,3000,485,506,993,685,0.6898288016112789,0.4634641407307172
98000,4,1000,3000,594,575,815,594,0.7288343558282209,0.42157558552164653
98000,5,1000,3000,677,661,646,494,0.7647058823529411,0.37339380196523053
98000,6,1000,3000,735,726,523,402,0.768642447418738,0.3195548489666137
98000,7,1000,3000,803,779,402,315,0.7835820895522388,0.26141078838174275
98000,8,1000,3000,851,822,311,244,0.7845659163987139,0.2099827882960413
98000,9,1000,3000,874,871,239,186,0.7782426778242678,0.16711590296495957
98000,10,1000,3000,876,913,195,155,0.7948717948717948,0.14472455648926238
99000,1,1000,3000,221,325,1438,735,0.5111265646731572,0.4430379746835443
99000,2,1000,3000,370,410,1204,751,0.6237541528239202,0.4771283354510801
99000,3,1000,3000,475,506,1003,700,0.6979062811565304,0.4736129905277402
99000,4,1000,3000,590,575,819,599,0.7313797313797313,0.4251242015613911
99000,5,1000,3000,701,661,622,472,0.7588424437299035,0.35676492819349964
99000,6,1000,3000,763,726,495,372,0.7515151515151515,0.2957074721780604
99000,7,1000,3000,830,779,375,284,0.7573333333333333,0.23568464730290456
99000,8,1000,3000,863,822,299,230,0.7692307692307693,0.19793459552495696
99000,9,1000,3000,877,871,236,180,0.7627118644067796,0.16172506738544473
99000,10,1000,3000,876,913,195,153,0.7846153846153846,0.14285714285714285
